lemma,count
and,20241
the,14221
be,13039
I,12121
he,10184
say,8002
to,7283
that,6174
it,5604
a,5317
in,4546
she,4372
not,3999
of,3618
think,3478
then,3199
have,2960
do,2888
they,2685
Asle,2546
there,2487
go,2291
yes,2047
at,2041
but,2037
so,1735
his,1719
on,1701
can,1618
with,1587
you,1536
see,1449
get,1438
like,1404
just,1336
now,1323
for,1321
up,1213
picture,1212
because,1183
look,1166
my,1126
as,1108
out,1085
one,1033
's,1027
if,1006
'll,969
all,956
or,952
would,902
no,898
down,897
take,877
come,862
good,848
from,848
what,828
Åsleik,819
her,800
we,784
want,783
time,778
into,775
paint,771
back,766
sit,764
when,760
too,747
about,727
need,709
Ales,690
've,675
something,655
little,652
well,637
know,623
stand,618
put,595
painting,587
who,585
this,581
always,580
other,567
over,558
hand,548
way,546
drive,545
even,537
how,523
long,522
house,522
maybe,506
room,503
should,485
never,483
right,479
again,472
could,465
Beyer,463
Bjørgvin,459
live,449
where,445
really,443
walk,433
anything,427
door,427
start,423
thing,416
more,415
God,415
Sister,405
two,402
by,401
make,393
before,392
car,392
Father,389
lie,385
feel,384
people,384
much,379
will,377
ask,360
an,357
some,353
stop,351
day,343
probably,342
light,338
Sigve,337
year,337
home,334
off,331
drink,329
around,325
turn,321
tell,317
almost,315
any,315
why,315
still,314
since,313
buy,306
same,306
away,306
call,300
Mother,299
front,296
give,294
leave,289
snow,288
next,288
hold,285
dog,284
everything,283
old,281
woman,280
after,279
lot,270
many,269
every,265
Christmas,261
move,256
open,255
first,252
each,251
name,249
big,247
keep,247
only,238
here,236
else,234
hear,232
must,231
table,231
their,229
anyway,225
sure,223
kind,223
talk,220
black,219
soon,219
road,217
than,217
sell,215
shake,213
both,213
man,212
Bragi,211
School,210
understand,208
inside,207
nice,206
today,203
brown,203
course,203
find,202
white,201
hair,201
water,200
chair,200
use,198
already,193
myself,190
himself,189
nothing,188
show,187
enough,187
someone,184
glass,184
beer,183
these,182
bad,181
happen,178
thank,176
bed,174
stay,174
Herdis,173
place,173
own,173
another,173
Åsen,172
mother,170
while,167
either,167
cross,165
bag,165
try,164
sleep,164
Guro,164
remember,161
whole,157
word,157
apartment,155
outside,155
hang,155
also,153
those,153
close,151
ever,151
boat,149
let,148
eye,148
might,147
together,147
bring,144
Gallery,144
money,144
Art,143
side,142
your,142
window,141
few,141
without,141
kitchen,141
alone,140
read,139
tired,138
far,138
run,137
very,135
hard,135
dark,135
work,134
actually,134
once,134
bottle,134
life,132
night,131
often,130
Country,130
pick,130
grey,129
fall,129
die,127
behind,127
least,125
head,124
wait,123
write,122
most,122
Namesake,121
believe,120
empty,119
Inn,119
person,118
though,117
last,117
eat,116
hall,115
small,115
totally,114
usually,114
through,114
able,113
coffee,112
boy,112
slowly,112
roll,111
cigarette,110
rent,110
arm,109
floor,109
Man,108
young,108
darkness,108
bus,107
cold,107
three,107
child,106
middle,106
High,106
face,106
exhibition,105
art,105
smoke,104
between,104
tomorrow,103
body,103
Dylgja,102
shoulder,101
meet,101
sometimes,101
school,100
bit,100
straight,100
Liv,100
Hospital,99
Lane,99
stove,99
whatever,98
under,98
wave,98
pull,97
fine,97
line,97
dead,96
against,95
truth,95
become,95
anyone,95
breathe,94
play,94
help,94
Olve,93
Barmen,92
anymore,92
point,92
such,92
sister,92
towards,92
father,91
silence,91
Grandmother,91
single,91
food,90
wrong,90
mean,90
exactly,90
new,90
pay,89
case,89
number,89
lamb,88
book,88
wall,87
until,87
past,87
our,86
true,86
shine,85
suitcase,85
Baker,85
morning,84
great,84
silent,83
wine,82
sign,82
coat,82
cover,81
carry,81
Boat,81
Academic,81
spend,80
pretty,80
rest,80
finish,80
main,80
oil,80
ground,79
different,79
early,79
realize,78
laugh,78
foot,77
notice,77
colour,77
suddenly,77
manage,77
living,76
onto,76
strange,76
its,76
canvas,75
St,75
along,74
nod,74
sea,74
friend,74
parent,74
thought,74
sort,74
Stranda,73
cry,73
Judit,73
Store,73
attic,72
blanket,72
answer,72
end,72
raise,72
easy,71
beautiful,71
shut,70
bench,70
blue,69
drop,69
Siv,68
reason,68
easel,68
swing,68
less,68
clear,67
mouth,67
taste,67
girl,67
matter,67
Bald,66
Street,66
push,66
world,66
step,66
real,66
taxi,66
happy,65
set,64
Church,64
sofa,64
decide,63
ahead,63
teacher,63
everyone,63
Eve,63
yeah,63
exist,62
pray,62
jacket,62
space,62
spot,62
marry,62
country,62
draw,62
warm,61
Alehouse,61
somewhere,61
shoulderbag,61
top,61
ago,60
Gunvor,59
dress,59
playground,59
leather,59
speak,58
sound,58
part,58
Bus,58
leg,58
rib,58
grow,58
Coffeehouse,57
Landlady,57
disappear,57
length,57
especially,56
building,56
definitely,56
box,56
op,56
several,56
half,55
paper,55
strong,55
yesterday,55
Co,55
care,55
street,55
stretcher,54
clothe,54
whether,54
couple,54
lift,54
wear,54
bread,53
Hotel,53
Pedersen,53
which,53
Christ,53
cut,53
park,52
plate,52
later,52
medium,52
finally,52
mass,52
Gudleiv,52
artist,51
herself,51
voice,51
velvet,50
University,50
phone,50
rather,50
forward,50
high,50
Doctor,49
moment,49
scared,49
spirit,49
Eiliv,49
visit,49
seem,49
left,48
kingdom,48
fact,48
Beach,48
itself,48
piece,48
stick,48
rid,48
suppose,48
near,48
pour,48
farm,48
Youth,48
drunk,48
neither,48
et,47
quite,47
Sygne,47
peace,47
four,47
Aga,47
burn,47
learn,47
gallery,46
cake,46
death,46
Handyman,46
yet,46
bacon,46
bedroom,46
Dock,46
round,45
stack,45
fill,45
carefully,45
Driver,45
clearly,45
hill,45
mind,45
tight,45
tie,45
watch,45
full,44
Rowboat,44
finger,44
change,44
Centre,44
follow,44
present,44
brush,44
key,44
corner,44
short,43
wake,43
Sea,43
tractor,43
rosary,43
asleep,43
possible,43
free,43
across,43
hungry,43
impossible,42
obviously,42
stair,42
ring,42
path,42
board,42
Paul,42
wood,42
painter,42
forth,42
pass,42
seat,41
Cross,41
portrait,41
pack,41
calm,41
forget,41
Jesus,41
wheel,41
dry,41
barely,40
milk,40
desk,40
air,40
throw,40
loud,40
Andrew,40
tube,39
prayer,39
entirely,39
wrap,39
tonight,39
shopping,39
fish,39
sip,39
sense,39
somehow,39
sky,39
Fjord,39
scarf,39
stupid,39
band,38
celebrate,38
guitar,38
miss,38
Hardanger,38
important,38
idea,37
lean,37
church,37
thumb,37
hope,37
certainly,37
icon,37
landmark,37
angel,36
per,36
Alida,36
love,36
noise,36
invisible,36
shoe,36
bear,35
shop,35
break,35
blonde,35
windshield,35
human,35
hardly,35
Clinic,35
lodge,35
quiet,35
boot,35
aside,35
Terje,35
Olav,35
north,34
Brochmann,34
pan,34
rain,34
deeply,33
Caf'e9,33
Wife,33
Tor,33
allow,33
during,33
ale,33
earth,33
Taxi,33
d8ygna,33
city,32
cup,32
knock,32
dinner,32
guess,32
second,32
imagine,32
having,32
ready,32
themselves,32
Times,32
guy,32
lock,31
instead,31
alive,31
sketch,31
plus,31
wedding,31
lose,31
heavy,31
Old,31
unbelievable,31
letter,31
lead,31
bead,31
hour,31
lap,31
student,31
fast,31
usual,30
kid,30
price,30
drinking,30
Boathouse,30
above,30
admit,30
son,30
five,30
boathouse,30
rock,30
Bakery,30
red,30
Norway,30
Grandma,30
listen,29
driveway,29
wife,29
practically,29
thick,29
engine,29
evil,29
smell,29
tear,29
meaning,29
build,29
potato,29
late,29
week,29
reception,29
edge,29
lucky,29
sink,29
pint,28
land,28
teach,28
star,28
reach,28
tree,28
spread,28
coin,28
check,28
B'e5rd,28
mine,28
jump,28
Sailor,28
deliver,28
weather,28
bend,28
wallet,27
language,27
Principal,27
Geir,27
shout,27
eventually,27
Oslo,27
however,27
catch,27
lutefisk,27
evening,27
anywhere,27
constantly,27
fry,27
choose,27
House,26
talent,26
none,26
whenever,26
husband,26
ashtray,26
Grandfather,26
nos,26
wash,26
movement,26
Sygnefjord,26
fire,26
newspaper,26
trip,26
pullover,26
normal,25
completely,25
nail,25
add,25
except,25
visible,25
kroner,25
kiss,25
clean,25
stare,25
wooden,25
photograph,25
Cove,25
nothingness,25
nine,25
hurry,25
purple,25
job,24
Instefjord,24
Fiddler,24
sorry,24
forever,24
sick,24
may,24
yourself,24
drawing,24
Catholic,24
forgive,24
terrible,24
snowflake,24
rise,24
hook,24
slip,24
stage,24
yellow,23
south,23
log,23
pain,23
egg,23
direction,23
Shoemaker,23
confirm,23
simple,23
age,23
touch,23
bowl,23
heaven,23
knife,23
thin,23
Alise,23
deep,23
meal,23
deer,23
Dairy,23
pocket,22
Shop,22
fruit,22
recently,22
tobacco,22
nobis,22
sad,22
desire,22
soul,22
damn,22
cook,22
okay,22
Station,22
Workshop,22
gift,22
turnoff,22
English,22
Son,22
kick,22
row,22
wide,22
sketchpad,22
strength,22
custard,22
breakfast,22
onion,22
fresh,21
fork,21
fear,21
stuff,21
pencil,21
doctor,21
expensive,21
yell,21
pet,21
rope,21
Thy,21
horrible,21
storage,21
plan,21
narrow,21
wonder,21
month,21
seven,21
summer,21
besides,21
review,21
stroke,21
proud,21
chest,21
apart,21
scream,20
difference,20
supply,20
barn,20
basement,20
Maria,20
absolutely,20
o'clock,20
tuum,20
silently,20
glad,20
collection,20
sheet,20
hide,20
hatch,20
serve,20
german,20
Food,20
trouser,20
recognize,20
perfectly,20
Wharf,20
neck,20
breast,20
The,20
register,19
worried,19
family,19
fur,19
ten,19
luck,19
agree,19
folk,19
winter,19
ID,19
fjord,19
stipend,19
ride,19
unlock,19
low,19
fold,19
roof,19
Advent,19
sigve,19
hotel,19
share,19
powerful,19
counter,19
drag,19
obvious,19
nor,19
problem,19
sudden,19
us,19
math,19
feeling,19
Eckhart,19
got,19
host,19
quit,19
sandwich,19
Salesman,18
upstairs,18
cabin,18
Car,18
Drink,18
match,18
Hospice,18
title,18
safe,18
deck,18
stone,18
mention,18
certain,18
freezer,18
mug,18
sometime,18
mostly,18
bow,18
alcohol,18
town,18
being,18
mountain,18
freeze,18
opening,18
trespass,18
quietly,18
neighbour,18
Meister,18
sandpit,18
doorbell,18
truly,18
fly,18
dish,18
beard,18
sack,17
innermost,17
separate,17
goodbye,17
page,17
fit,17
hit,17
quickly,17
Student,17
special,17
memory,17
pile,17
Bible,17
grace,17
rule,17
drape,17
welcome,17
dirty,17
bell,17
Pater,17
skip,17
New,17
history,17
centre,17
warmth,17
doorway,17
surely,17
class,17
belong,17
wind,17
third,17
angry,16
interview,16
Bartender,16
pastor,16
cloud,16
question,16
fix,16
hello,16
promise,16
crazy,16
faith,16
sicut,16
hole,16
wish,16
Nurse,16
slice,16
Sartor,16
order,16
card,16
afternoon,16
footstep,16
shape,16
girlfriend,16
autumn,16
opposite,16
suit,16
nowhere,16
send,16
otherwise,16
Room,16
minute,16
consider,16
motor,16
artium,16
grab,16
Home,16
Bank,16
store,16
rub,16
wheelhouse,16
examan,16
Daughter,15
Headland,15
drown,15
hug,15
mark,15
large,15
song,15
nettle,15
dock,15
duvet,15
sand,15
cellar,15
accept,15
quick,15
baby,15
hot,15
steal,15
future,15
act,15
twice,15
Fishmarket,15
term,15
norwegian,15
steep,15
thy,15
Schoolmaster,15
various,15
soft,15
address,15
Vik,15
six,15
study,14
someday,14
shot,14
gets,14
bottom,14
ashamed,14
tremble,14
eleison,14
Charge,14
business,14
bake,14
cheap,14
plenty,14
green,14
critic,14
power,14
soda,14
doubt,14
Bay,14
downstairs,14
regular,14
stiff,14
turnip,14
track,14
despite,14
sun,14
scrape,14
index,14
unbelievably,14
National,14
shower,14
baptism,14
communion,14
piss,14
steer,14
caf'e9,13
Ave,13
easily,13
sailor,13
driving,13
sin,13
embroidery,13
sober,13
pouch,13
funeral,13
bodice,13
tuck,13
amount,13
driver,13
luckily,13
music,13
example,13
incomprehensible,13
dare,13
smoking,13
climb,13
slow,13
bother,13
heart,13
exact,13
chance,13
krone,13
badly,13
gently,13
lay,13
baptize,13
nicely,13
screech,13
flower,13
beef,13
childhood,13
view,13
studio,13
careful,13
wherever,13
downhill,13
apply,13
Minister,13
force,13
belly,13
rowboat,13
burner,13
leash,13
suffering,13
oar,12
figure,12
pane,12
eternity,12
costume,12
ferry,12
divide,12
invite,12
gather,12
grip,12
licence,12
press,12
form,12
Parlour,12
borrow,12
unfinished,12
village,12
bite,12
Hardangerfjord,12
packet,12
count,12
kindling,12
honest,12
grocery,12
mutton,12
Little,12
hurt,12
cupboard,12
literature,12
embarrassed,12
Et,12
regret,12
convert,12
nostra,12
skirt,12
heel,12
moon,12
pad,12
chip,12
enter,12
fishing,12
prison,12
reality,12
emphasize,12
cheer,12
ordinary,12
worth,12
bookshelf,12
toilet,12
afraid,12
noster,12
stretch,12
distance,12
bald,12
Lord,12
rough,12
wipe,11
awake,11
surprise,11
ad,11
cost,11
arrange,11
van,11
unity,11
Factory,11
opinion,11
Anne,11
float,11
Sofie,11
pine,11
collapse,11
clock,11
pavement,11
customer,11
Holy,11
rarely,11
poem,11
area,11
create,11
chew,11
Farm,11
photo,11
finished,11
divorce,11
ice,11
Nynorsk,11
cane,11
visitor,11
seriously,11
heat,11
dance,11
fiddler,11
shore,11
strangely,11
loose,11
slide,11
steady,11
Painting,11
getting,11
evenly,11
humanity,11
among,11
Paint,11
express,11
ear,11
crying,11
graduate,11
cheek,11
smile,11
Hallowed,11
dirt,11
Nidaros,11
oh,11
rush,11
meat,11
honour,11
Furniture,11
Grieg,11
es,11
ugly,11
ambulance,11
scary,11
spring,10
shaking,10
stupor,10
storm,10
interested,10
tua,10
bright,10
Day,10
volunta,10
lets,10
Fiat,10
hammer,10
unpack,10
mad,10
suck,10
pride,10
double,10
meaningless,10
Sanctificetur,10
Silje,10
mess,10
neat,10
Adveniat,10
precisely,10
pair,10
mistake,10
regnum,10
pure,10
nightstand,10
hop,10
hat,10
parking,10
married,10
c'e6lo,10
renter,10
lip,10
please,10
below,10
tablecloth,10
cash,10
weak,10
offer,10
connection,10
salt,10
enjoy,10
chess,10
flash,10
burlap,10
likely,10
jerk,10
daily,10
whoever,10
till,10
support,10
everywhere,10
terra,10
gulp,10
proper,10
bone,9
dumpling,9
Procession,9
sew,9
bearing,9
foolishness,9
birth,9
sail,9
happiness,9
Museum,9
passenger,9
arrive,9
busy,9
save,9
pot,9
French,9
weight,9
common,9
carrot,9
sharp,9
Merry,9
hairband,9
fist,9
chessboard,9
crate,9
beam,9
siv,9
tin,9
attach,9
est,9
blow,9
stub,9
whose,9
bouquet,9
toast,9
snuff,9
switch,9
splash,9
Christie,9
steadily,9
surprised,9
ist,9
Gott,9
apparently,9
forwards,9
expect,9
Ridge,9
gradually,9
everything'll,9
dream,9
playing,9
doze,9
awful,9
member,9
strictly,9
forehead,9
whisper,9
fun,9
story,9
sale,9
judge,9
bark,9
bar,9
basin,9
thirsty,9
breathing,9
grandparent,9
Latin,9
Norwegian,9
mashed,9
pro,9
disturb,9
sorrow,9
belief,9
explain,9
boil,9
string,9
brick,9
bunch,9
breath,9
settle,9
deserve,9
temptation,9
Arts,8
Northern,8
pulse,8
eight,8
kill,8
lifeless,8
partly,8
party,8
maid,8
jolt,8
pitcher,8
current,8
pillow,8
Festival,8
dangerous,8
confirmation,8
Qui,8
grave,8
withdraw,8
traditional,8
sixteen,8
prepare,8
guest,8
rear,8
Professor,8
filter,8
corridor,8
raincoat,8
nowadays,8
chocolate,8
vodka,8
c'e6lis,8
ventris,8
dimittimus,8
debitoribus,8
nostris,8
ne,8
inducas,8
tentationem,8
canister,8
libera,8
haircut,8
malo,8
tui,8
Second,8
joy,8
holm,8
furniture,8
clever,8
huge,8
Spirit,8
stillness,8
quality,8
flow,8
tooth,8
debita,8
dimitte,8
Huysmann,8
fuck,8
prefer,8
debut,8
sight,8
footprint,8
twist,8
Herald,8
tall,8
worry,8
Testament,8
transfer,8
nearness,8
hodie,8
East,8
Group,8
fiddle,8
nicht,8
guitarist,8
ich,8
Panem,8
nostrum,8
shoemaker,8
da,8
Mater,8
nomen,8
Sunday,8
button,8
smart,8
priest,8
undress,8
bucket,8
complain,8
plastic,8
beautifully,8
catholic,8
lady,8
attention,8
cure,8
particular,8
stomach,8
rhythm,8
tail,8
fool,8
overcoat,8
exhausted,8
satisfied,8
Year,8
closeness,8
brother,8
hers,8
Christians,8
afterwards,8
confused,8
altar,7
Mary,7
beat,7
shriek,7
moor,7
fog,7
despair,7
boring,7
avoid,7
Boy,7
nameplate,7
tug,7
oven,7
message,7
burst,7
classroom,7
Bridal,7
se,7
list,7
ill,7
alise,7
beyond,7
Christe,7
weekend,7
telephone,7
extra,7
packing,7
frame,7
terror,7
ridiculous,7
heater,7
copy,7
bury,7
chat,7
shit,7
tiny,7
grass,7
errand,7
holiday,7
drum,7
thump,7
bass,7
birthday,7
ruin,7
dip,7
practise,7
practice,7
witness,7
stern,7
inherit,7
relative,7
deal,7
bathroom,7
blood,7
condition,7
matchbox,7
turpentine,7
softly,7
buyer,7
rich,7
pill,7
o,7
pattern,7
block,7
understanding,7
connect,7
simply,7
image,7
rot,7
gate,7
Hand,7
avalanche,7
Berge,7
continue,7
ship,7
shelf,7
grateful,7
permission,7
thousand,7
Salve,7
writing,7
Dei,7
remind,7
grind,7
wordless,7
afford,7
mud,7
medicine,7
electric,7
experience,7
Artist,7
island,7
headland,7
mercy,7
Regina,7
kneel,7
boathook,7
peaceful,7
fender,7
entrance,7
runner,7
Prison,7
shiver,7
cat,7
thirteen,7
pen,7
sock,6
field,6
tire,6
Wednesday,6
date,6
holy,6
dissolve,6
swim,6
Policeman,6
post,6
flesh,6
basically,6
incredible,6
aptitude,6
blind,6
bridal,6
businessman,6
poor,6
invisibly,6
indeed,6
embarrassing,6
shameful,6
leap,6
nurse,6
mile,6
Austria,6
e,6
shirt,6
juice,6
mathematical,6
glow,6
crack,6
nagging,6
shovel,6
firewood,6
sailboat,6
female,6
inner,6
lunch,6
trim,6
amen,6
opener,6
daughter,6
mike,6
flake,6
uphill,6
similar,6
slightly,6
auditorium,6
refuse,6
pregnant,6
countryside,6
package,6
bent,6
sixth,6
port,6
decorative,6
boyfriend,6
twenty,6
peg,6
nag,6
farth,6
cap,6
hell,6
ocean,6
vobis,6
vision,6
stubble,6
tap,6
scare,6
fucking,6
orchard,6
subject,6
professor,6
model,6
collect,6
Heaven,6
habit,6
torment,6
workshop,6
fructus,6
appear,6
shame,6
tecum,6
yapping,6
Benedicta,6
tu,6
advance,6
Mound,6
anxious,6
untie,6
bay,6
slippery,6
mulieribus,6
benedictus,6
include,6
receive,6
Kyrie,6
wardrobe,6
chop,6
rundown,6
heir,6
reasonable,6
individual,6
Exhibition,6
snowsuit,6
sugar,6
contact,6
reserve,6
agreement,6
aunt,6
total,6
sniff,6
creation,6
Gratia,6
poetry,6
plena,6
shadow,6
Dominus,6
reading,6
unbearable,6
Shed,6
painful,6
headlight,6
monk,6
Hills,6
minister,6
Monday,6
drip,6
Kleinheinrich,6
Trøndelag,6
properly,6
wonderful,6
shy,6
paradox,6
slush,6
shift,6
grown,6
hora,6
darling,6
crooked,6
Sancta,6
sleepy,6
wiper,6
flip,6
circle,6
Shore,6
unknown,6
peccatoribus,6
nunc,6
plough,5
der,5
tend,5
ah,5
content,5
period,5
lid,5
trouble,5
longing,5
resurrection,5
decision,5
wet,5
countless,5
delirium,5
restaurant,5
struggle,5
clinic,5
smear,5
layer,5
stripe,5
Grand,5
available,5
spoon,5
nervous,5
landscape,5
nearby,5
goodness,5
unexpected,5
office,5
ballpoint,5
blizzard,5
familiar,5
eighteen,5
cafeteria,5
snowstorm,5
sweep,5
screw,5
keyring,5
french,5
argue,5
schoolbook,5
mirror,5
gap,5
naked,5
tattoo,5
blackness,5
halo,5
dial,5
relax,5
winding,5
Noster,5
grandmother,5
generous,5
yap,5
extremely,5
storeroom,5
fifteen,5
slog,5
refill,5
misuse,5
motion,5
company,5
strict,5
vanish,5
te,5
everybody,5
return,5
dust,5
approach,5
nobody,5
ought,5
seesaw,5
liv,5
puddle,5
metal,5
thinking,5
Grandpa,5
contain,5
mortis,5
blend,5
comfort,5
scraper,5
grinding,5
tide,5
spare,5
personally,5
birchwood,5
multiply,5
gunwale,5
penis,5
limit,5
smoker,5
travel,5
Telemark,5
east,5
nostr'e6,5
pork,5
pink,5
choice,5
grief,5
alarm,5
slovenly,5
community,5
bin,5
flutter,5
mysterious,5
join,5
knee,5
downstair,5
ponytail,5
note,5
whom,5
pantry,5
believer,5
instance,5
lack,5
stir,5
religion,5
any-,5
wow,5
flat,5
unusual,5
difficult,5
ball,5
homework,5
pleasure,5
clumsy,5
hundred,5
unless,5
amp,5
appointment,5
exception,5
beforehand,5
resurrect,5
admission,5
provincial,5
saw,5
dumb,5
excuse,5
christian,5
cheese,5
dear,5
drift,5
destroy,5
screeching,5
remain,5
balance,5
squeeze,5
daylight,5
custom,5
necessary,5
pointed,5
West,5
equipment,5
ing,4
serious,4
fully,4
favourite,4
delicious,4
vegetable,4
substitute,4
belt,4
grand,4
powerless,4
ribbon,4
display,4
gable,4
DT,4
powerlessness,4
sentence,4
loom,4
god,4
possibly,4
toil,4
weird,4
heavily,4
organize,4
jetsam,4
goddamn,4
Creed,4
print,4
buoy,4
apologize,4
unlike,4
sweet,4
somebody,4
crowd,4
emptiness,4
napkin,4
Haugaland,4
beyer,4
hospital,4
plant,4
group,4
appreciate,4
begin,4
gravel,4
scribble,4
slate,4
pop,4
Barn,4
exhibit,4
mood,4
weigh,4
menu,4
lend,4
Ora,4
owner,4
firmly,4
stiffly,4
Silent,4
candle,4
lane,4
brand,4
bleed,4
Playground,4
armchair,4
dot,4
howl,4
alley,4
test,4
truck,4
consecrated,4
dawn,4
Christian,4
charge,4
national,4
lightness,4
Craft,4
tune,4
microphone,4
cliff,4
cool,4
pant,4
solo,4
birch,4
lecture,4
twelve,4
university,4
downright,4
Hill,4
pacem,4
event,4
curl,4
tempt,4
stress,4
restless,4
crumble,4
beginning,4
insofar,4
crispy,4
Amund,4
bonfire,4
landing,4
amazing,4
wag,4
almighty,4
king,4
eternal,4
motionless,4
straighten,4
peel,4
swinge,4
cotidianum,4
control,4
Iesus,4
ex,4
weakness,4
speed,4
within,4
constant,4
glimpse,4
hail,4
hoc,4
More,4
snout,4
peacefully,4
spasm,4
honestly,4
Innstranda,4
shall,4
news,4
Ad,4
vengeful,4
quotidianum,4
booth,4
officially,4
scramble,4
tidy,4
bye,4
bore,4
section,4
lonely,4
foundation,4
saint,4
masse,4
widower,4
cod,4
academic,4
original,4
devil,4
surface,4
wrinkle,4
providence,4
armrest,4
und,4
consecration,4
square,4
Artists,4
kneeling,4
spite,4
brushstroke,4
player,4
exchange,4
prop,4
Saturday,4
sheep,4
Holm,4
Gallows,4
kann,4
palette,4
cling,4
cow,4
wisdom,4
slight,4
German,4
outboard,4
textbook,4
outbuilding,4
recent,4
maintain,4
shoot,4
skerrie,4
dread,4
charcoal,4
recite,4
compartment,4
clutch,4
baggage,4
cause,4
uncreated,4
supposedly,4
Hall,4
compare,4
luggage,4
Courthouse,4
handy,4
self,4
rare,4
tyre,4
scatter,4
yard,4
Library,4
slam,4
net,4
repeat,4
wool,4
mash,4
cord,4
bookshop,4
chore,4
pew,4
lain,4
marker,4
exceptionally,4
repaint,4
qui,4
predict,4
bollard,4
Midsummer,4
chalice,4
crossing,4
unlocked,4
visibly,4
comfortable,4
desecrate,4
pause,4
calmly,4
Papist,3
resemble,3
rate,3
trick,3
gig,3
pole,3
heap,3
toss,3
inch,3
adult,3
scrap,3
opposition,3
halfway,3
whine,3
unmarried,3
darker,3
stoop,3
brave,3
wax,3
coil,3
cruise,3
disgusting,3
depend,3
mooring,3
desperate,3
evident,3
context,3
racket,3
quia,3
beach,3
waiting,3
fight,3
rag,3
shimmer,3
bachelor,3
boiling,3
bank,3
tongue,3
starboard,3
dick,3
pressure,3
berth,3
primary,3
meam,3
hopeless,3
slipper,3
lower,3
jumble,3
anxiety,3
giant,3
ewe,3
singing,3
carve,3
musician,3
stuck,3
weave,3
Hisøy,3
religious,3
boom,3
smokehouse,3
unique,3
breaktime,3
flavour,3
drinker,3
nasty,3
tile,3
win,3
salvation,3
situation,3
chuckle,3
decent,3
crab,3
aversion,3
jerking,3
protect,3
jagged,3
erase,3
wink,3
blossom,3
series,3
introduce,3
sake,3
chord,3
recommend,3
mankind,3
worthwhile,3
ability,3
stupidity,3
fat,3
Goodbye,3
mockery,3
describe,3
Coop,3
forgot,3
sob,3
although,3
payment,3
Aha,3
farewell,3
style,3
rip,3
refrigerator,3
firm,3
secret,3
chunk,3
loneliness,3
wade,3
uneasiness,3
Sande,3
loss,3
backwards,3
range,3
bloom,3
sizzle,3
Virgin,3
feed,3
w'e4re,3
nighttime,3
charity,3
load,3
abyss,3
Hjørdis,3
Hansen,3
miracle,3
literally,3
vanishe,3
visual,3
dining,3
wallpaper,3
stem,3
Tuesday,3
butter,3
bless,3
slink,3
thou,3
closely,3
nineteen,3
willing,3
reproduction,3
forty,3
beside,3
Association,3
scraping,3
surround,3
standing,3
distract,3
farmer,3
humankind,3
diagonally,3
tough,3
robe,3
pump,3
dresser,3
proof,3
purpose,3
nonsense,3
aaahh,3
Nobis,3
memorize,3
annoy,3
exsilium,3
ostende,3
butt,3
outstretche,3
entryway,3
v,3
impatient,3
idiot,3
purse,3
booze,3
singe,3
incredibly,3
upper,3
c'e6li,3
Hardware,3
slurps,3
bundle,3
regularly,3
scissor,3
Bjørgviner,3
directly,3
law,3
terribly,3
canopy,3
congregation,3
tickle,3
faraway,3
contemporary,3
crucify,3
steering,3
proclaim,3
assume,3
random,3
fault,3
previous,3
perfect,3
Satan,3
joke,3
sewing,3
fetch,3
snowball,3
pension,3
to-,3
duty,3
eraser,3
bill,3
powdery,3
translation,3
bureau,3
Nice,3
lesson,3
fake,3
lightly,3
russian,3
universal,3
general,3
fair,3
sandbox,3
fleuve,3
examine,3
frozen,3
replace,3
creep,3
handle,3
sinner,3
farming,3
swallow,3
Catholics,3
coincidence,3
homemade,3
apostle,3
lobby,3
thirst,3
prove,3
roman,3
exhaust,3
strike,3
river,3
apprentice,3
location,3
thumbtack,3
unexpectedly,3
hitch,3
madness,3
crash,3
extent,3
humility,3
sunny,3
inn,3
uncomfortable,3
intersection,3
interesting,3
recall,3
puff,3
correctly,3
drawer,3
complete,3
birthdate,3
museum,3
thirty,3
generation,3
rented,3
helpful,3
walking,3
patch,3
closed,3
zipper,3
bet,3
anybody,3
itsy,3
basket,3
bitsy,3
litter,3
mystical,3
false,3
Friday,3
cab,3
text,3
loft,3
heather,3
steam,3
throughout,3
gallerist,3
Mass,3
intrude,3
conceal,3
caf'e9s,3
position,3
anchor,3
unable,3
sing,3
reel,3
preach,3
yours,3
article,3
pronunciation,3
stepfather,3
stagger,3
rocky,3
conversation,3
aloud,3
bra,3
spit,3
relieved,3
filii,3
melt,3
loan,3
broken,3
wild,3
expression,3
ceremony,3
precise,3
humble,3
stamp,3
hallway,3
creepy,3
greyer,3
mixed,3
pinch,3
Thursday,3
advent,3
opportunity,3
iron,2
margarine,2
idol,2
underneath,2
Thrift,2
Communist,2
flour,2
literal,2
starve,2
fashioned,2
equally,2
nature,2
closing,2
Bookshop,2
Apostles,2
achieve,2
simultaneous,2
rose,2
library,2
ceiling,2
tack,2
selbst,2
cast,2
insult,2
magnify,2
fassen,2
sparkling,2
pepper,2
v'f6llig,2
behaviour,2
kissing,2
das,2
Hid,2
papist,2
mailbox,2
f'fcr,2
foolish,2
fridge,2
calling,2
pretend,2
access,2
Canon,2
naturally,2
item,2
sich,2
gratitude,2
thaw,2
feels,2
forgetful,2
statue,2
latin,2
everlaste,2
creator,2
hate,2
therefore,2
July,2
blush,2
transfigured,2
Eucharist,2
interest,2
interpret,2
fir,2
contradict,2
rummage,2
sway,2
peek,2
exam,2
leaf,2
swig,2
meeting,2
SecondHand,2
grownup,2
huckster,2
hue,2
execution,2
handbag,2
primus,2
flotsam,2
unwrap,2
eager,2
Flotsam,2
plank,2
route,2
revolt,2
detail,2
someplace,2
dislike,2
rude,2
infinitely,2
imperceptible,2
transformation,2
sludge,2
smooth,2
fcber,2
Pier,2
destructive,2
swell,2
Sein,2
criticism,2
appetite,2
ewig,2
meatball,2
Bye,2
Ungeborenheit,2
doggy,2
meiner,2
understandable,2
exciting,2
Weise,2
conceive,2
nach,2
rusty,2
fairy,2
railing,2
manner,2
Look,2
spiritual,2
occur,2
oppositorum,2
stairwell,2
wrapping,2
coincidentia,2
camera,2
unzip,2
Bjørgvinner,2
lick,2
impasto,2
trap,2
Autumn,2
roast,2
chase,2
digit,2
flame,2
talker,2
quay,2
rosemaling,2
Berlin,2
elementary,2
seeing,2
cabinet,2
modern,2
cork,2
trembling,2
descend,2
lopsided,2
pee,2
enim,2
Hoc,2
fellow,2
omne,2
effort,2
Christi,2
harvest,2
public,2
fingertip,2
panelling,2
contrary,2
absorb,2
knead,2
squat,2
receiver,2
expense,2
yelp,2
Hush,2
remem-,2
freely,2
sneaky,2
Boss,2
puppy,2
chart,2
shaky,2
Newsstand,2
secretly,2
reputation,2
Hillside,2
toiletry,2
dump,2
unlucky,2
furnished,2
linen,2
Hertervig,2
mathematic,2
Lars,2
impression,2
Helle,2
bike,2
jog,2
overwhelmed,2
Modern,2
Languages,2
saying,2
ribs,2
toward,2
silverware,2
dishtowel,2
utterly,2
gnaw,2
hunger,2
alleyway,2
lamp,2
coffin,2
furtively,2
wrist,2
solution,2
rumour,2
certum,2
vehicle,2
gentle,2
comforting,2
overhanging,2
cave,2
dice,2
tip,2
ashe,2
nipple,2
marriage,2
misunderstand,2
crawlspace,2
coffeepot,2
quiver,2
male,2
prod,2
beggar,2
glide,2
psychic,2
midnight,2
Basement,2
congratulation,2
Halle,2
cooking,2
Stein,2
reef,2
Office,2
going,2
retire,2
Labour,2
dad,2
backstage,2
congratulate,2
soldier,2
terminal,2
system,2
instrument,2
patently,2
scene,2
goddammit,2
slap,2
hiddenness,2
creative,2
wretch,2
shitty,2
echo,2
bang,2
shove,2
singer,2
fucker,2
lifting,2
islet,2
folly,2
outright,2
greet,2
reverse,2
gesture,2
ember,2
muffled,2
Hairdresser,2
bulletin,2
Lady,2
watercolour,2
putty,2
thickly,2
autopsy,2
fail,2
nude,2
album,2
invitation,2
addition,2
process,2
healthy,2
landlady,2
jealous,2
despise,2
due,2
kiosk,2
relief,2
underwear,2
responsible,2
teaching,2
writer,2
groan,2
schedule,2
suspender,2
cream,2
classic,2
Antiquariat,2
version,2
misericordi'e6,2
Vita,2
dulcedo,2
Holberg,2
spe,2
blast,2
salve,2
reasonably,2
signal,2
babble,2
clamamus,2
washing,2
exsule,2
Hev'e6,2
suspiramus,2
Fear,2
Gementes,2
factor,2
Welcome,2
impossibile,2
rosemale,2
neatly,2
Papa,2
hairdresser,2
liturgy,2
daze,2
nursery,2
saucer,2
earflap,2
mumble,2
curtain,2
pronounce,2
endless,2
corpse,2
transfigure,2
chilly,2
Rome,2
glaze,2
stake,2
rigid,2
ash,2
actual,2
repair,2
relaxed,2
service,2
noman,2
flente,2
lacrimarum,2
fourteen,2
valle,2
Yes,2
Police,2
owe,2
apology,2
thief,2
ly,2
grade,2
tenth,2
Agriculture,2
confectioner,2
coconut,2
hospice,2
Christianity,2
culture,2
bind,2
pillowcase,2
imitator,2
Partner,2
cell,2
hi,2
compete,2
triangle,2
willed,2
throat,2
tingling,2
palm,2
doorframe,2
porch,2
Iesum,2
journalist,2
breadbox,2
Eia,2
ergo,2
Advocata,2
Illos,2
tuo,2
misericorde,2
oculo,2
converte,2
Europe,2
bluish,2
photographer,2
fructum,2
skull,2
bookcase,2
clemens,2
pia,2
dulcis,2
unspoken,2
widow,2
propose,2
Virgo,2
private,2
noon,2
hac,2
wing,2
overwhelm,2
ulterior,2
size,2
writhe,2
yeahh,2
glance,2
gentleman,2
pear,2
Products,2
Regional,2
laughter,2
Gloria,2
Aaahh,2
observation,2
wreath,2
broad,2
enormous,2
colourful,2
notebook,2
strap,2
grandfather,2
eleven,2
phrase,2
motive,2
IV,2
relieve,2
thrifty,2
super,2
organized,2
mix,2
be-,2
squirm,2
traffic,2
mystery,2
sausage,2
sum,2
dylgja,2
despairing,2
altogether,2
glitter,2
stream,2
stinginess,2
topic,2
poet,2
den,2
loop,2
hum,2
unconscious,2
vary,2
deny,2
disrespect,2
Thee,2
merry,2
Nearer,2
onboard,2
tray,2
festive,2
tremen,2
discuss,2
auch,2
fifty,2
93gott'94,2
intercession,2
hint,2
Ghost,2
golden,2
recover,2
game,2
delight,2
soil,2
sparkle,2
frail,2
haw,2
unscrew,2
nonstop,2
toothbrush,2
toothpaste,2
earn,2
vengeance,2
punishment,2
creed,2
neighbouring,2
uncle,2
re,2
dammit,2
oneness,2
rotten,2
omnipotence,2
youth,2
insight,2
knowledge,2
taxi'll,2
immediately,2
Word,2
respect,2
custodian,2
closet,2
confident,2
talented,2
safely,2
contest,2
prediction,2
base,2
divine,2
Denmark,2
Sweden,2
dusk,2
rack,2
relate,2
competition,2
concert,2
task,2
audience,2
clap,2
mission,2
collector,2
clothing,2
earthly,2
rinse,2
delivery,2
nose,2
St.,2
craft,2
tradition,2
presence,2
chatter,2
absence,2
sustain,2
imago,2
nook,2
admire,2
sculpture,2
season,2
knit,2
preferably,2
mere,2
trudge,2
snowfall,2
design,2
trust,2
pitch,2
suggest,2
uneasy,2
polite,2
sigh,2
cautious,2
cliffside,2
amazingly,2
tumble,2
bearable,2
smash,2
fuse,2
glimmer,2
undivided,2
Sicut,2
scaredy,2
foreign,2
shyly,2
skin,2
regain,2
health,2
intelligence,2
soak,2
emphasis,2
poverty,2
modestly,2
refer,2
beneath,2
icy,2
Time,2
risk,2
daytime,2
blankly,2
self'adevident,2
hunch,2
goodnight,2
fourth,2
bob,2
Come,2
sweetheart,2
animal,2
ours,2
relinquo,2
Peace,2
righthand,2
urgent,2
unfortunately,2
'cause,2
idiom,2
swedish,2
soar,2
collar,2
represent,2
flurry,2
positive,2
backseat,2
glory,2
confidently,2
semicircle,2
assign,2
education,2
mandatory,2
childless,2
graveyard,2
morrow,2
concentrate,2
muddy,2
indoor,2
slaughter,2
unsteady,2
portion,2
shudder,2
involve,2
crunch,2
annoyed,2
tape,2
used,2
reread,2
peer,2
passage,2
aged,2
whereas,2
clog,2
damage,2
bail,2
annual,2
mei,2
unthinkable,2
stall,2
alongside,2
fragile,2
bound,2
conscience,2
mute,2
surprising,2
helpless,2
worn,2
newly,2
wean,2
instant,2
thee,2
hilltop,2
quarter,2
loser,2
Horda,2
flagstone,2
stock,2
Hail,2
landlubber,2
womb,2
choppy,2
beauty,2
clink,2
hillside,2
blessed,2
curse,2
Glad,2
ashore,2
wise,2
odd,2
fisherman,2
extend,2
Knoll,2
cleared,2
stomp,2
harbour,2
ora,2
churchyard,1
clearing,1
mediate,1
Nietzsche,1
classmate,1
artificial,1
invalidate,1
Andreas,1
Friedrich,1
snuck,1
insulting,1
clarity,1
fore,1
climber,1
characteristic,1
noticeably,1
distinct,1
material,1
desert,1
heave,1
Germans,1
thermo,1
confession,1
postal,1
penance,1
Donau,1
cycle,1
reborn,1
IthinkandIlookatmywatchandwhenIdo,1
needtodoit,1
muss,1
sein,1
tease,1
argument,1
courtyard,1
puffy,1
sketching,1
knack,1
challenging,1
cosy,1
hurtle,1
Vienna,1
Hainburg,1
medical,1
dialogue,1
Ordnung,1
banish,1
crackle,1
History,1
traitor,1
artwork,1
disgraceful,1
chatty,1
rob,1
ourselves,1
inexorably,1
splinter,1
glassess,1
bumping,1
allotted,1
Dinner'll,1
inedible,1
respectable,1
solitude,1
percent,1
mildly,1
worldly,1
handwriting,1
approximately,1
91fear,1
hag,1
sincerely,1
Crowds,1
try-,1
lovely,1
shining,1
disagreement,1
dependable,1
isolated,1
fainter,1
haunch,1
dreamt,1
skilled,1
scoop,1
wants,1
strake,1
angle,1
blank,1
chicken,1
takedown,1
seventy,1
dialect,1
occupied,1
Literature,1
blackboard,1
Nordic,1
meanwhile,1
universe,1
pony,1
scrunch,1
rural,1
secretaire,1
mitten,1
asle'll,1
Mondays,1
machine,1
unusually,1
duck,1
rectangular,1
cutting,1
drippy,1
matching,1
mattress,1
pianist,1
waiter,1
Nursing,1
disappointed,1
oddly,1
punch,1
Sounds,1
undertake,1
namely,1
glassy,1
91just,1
snowcap,1
mountaintop,1
Utvik,1
enrol,1
certificate,1
seamark,1
exaggerate,1
brighten,1
unreasonable,1
dividing,1
insanely,1
subtract,1
Agricultural,1
sheer,1
whippersnapper,1
whisky,1
concept,1
gingerly,1
theory,1
saviour,1
underpant,1
multiplication,1
Alse,1
necessarily,1
rapid,1
cognac,1
treat,1
patient,1
upside,1
chambermaid,1
scold,1
irregular,1
civil,1
sheepfarmer,1
unthinke,1
cowardly,1
haughty,1
Scared,1
mail,1
pious,1
pointless,1
blame,1
type,1
garden,1
snap,1
treetop,1
overpainting,1
frightened,1
spill,1
moan,1
vanload,1
threaten,1
fare,1
intentionally,1
homeless,1
active,1
sinfulness,1
wonderfully,1
embarassed,1
unevenly,1
Grand-,1
shelter,1
gentleness,1
crook,1
disgust,1
faint,1
pushchair,1
unclearly,1
illegible,1
bicycle,1
Eilev,1
stuttering,1
stammering,1
schoolday,1
glassful,1
brandish,1
mild,1
separately,1
tasty,1
Sigve'll,1
liar,1
lookout,1
launch,1
fishery,1
strand,1
childbirth,1
sermon,1
slot,1
handful,1
pellet,1
comprehensible,1
chit,1
shock,1
hiding,1
reveal,1
versa,1
vice,1
aback,1
continuous,1
hands'll,1
similarity,1
liquid,1
level,1
notepad,1
stumble,1
boggy,1
emptily,1
consideration,1
ancient,1
inaudibly,1
isolate,1
juicy,1
state,1
trimmer,1
impenetrable,1
hearty,1
useful,1
brief,1
harmony,1
straightforward,1
whiter,1
melancholy,1
overcook,1
funny,1
torture,1
cooker,1
homeroom,1
comprehend,1
master,1
thinker,1
inaudible,1
bare,1
shaft,1
drank,1
specific,1
transportation,1
putter,1
trial,1
offended,1
crime,1
warning,1
eave,1
lobster,1
european,1
lawyer,1
housewife,1
spinster,1
guilty,1
degree,1
harm,1
transition,1
definite,1
means,1
braid,1
mainly,1
year'll,1
handcuff,1
runaway,1
ise,1
arrest,1
bere,1
ful,1
correspondence,1
wonder-,1
nearly,1
genius,1
tender,1
genuinely,1
nip,1
sized,1
gnawing,1
splendid,1
'em,1
occasion,1
cushion,1
jail,1
courage,1
disposal,1
fairly,1
intoxication,1
sixty,1
kneaded,1
dreamland,1
si-,1
Kiosk,1
pearl,1
oblong,1
laziness,1
lightbulb,1
shed,1
rubbish,1
requirement,1
townhouse,1
lence,1
breakneck,1
nuisance,1
burden,1
terrify,1
demand,1
fraud,1
territory,1
recluse,1
hermit,1
appearance,1
sud-,1
solely,1
Town,1
Drawing,1
prom-,1
alarmed,1
finishing,1
pose,1
stupidly,1
godforsaken,1
id,1
advanced,1
lately,1
unhappy,1
eminent,1
happyland,1
Cathedral,1
steamship,1
livable,1
smack,1
Lies,1
recognition,1
foremost,1
advantage,1
Cafeteria,1
fizzy,1
affordable,1
meum,1
lazy,1
bobbed,1
fickle,1
manducate,1
accipite,1
arse,1
persona,1
horse,1
drain,1
outer,1
warn,1
smells,1
realistic,1
woodwork,1
wealthy,1
legal,1
faithful,1
eternally,1
hush,1
splendidly,1
shingle,1
upset,1
superstitious,1
reluctantly,1
iaskiftheyhavearoomfreeandisaythatismyusual,1
corpus,1
quod,1
chatting,1
tradetur,1
Corpus,1
vobiscum,1
semper,1
Domini,1
Pax,1
Prayer,1
fidei,1
Mysterium,1
transform,1
commemorationem,1
facite,1
peccatorum,1
remissionem,1
effundetur,1
multis,1
testamenti,1
e6terni,1
novi,1
sanguinis,1
calix,1
hic,1
eo,1
bibite,1
Accipite,1
bam,1
go-,1
flush,1
dressed,1
unite,1
hallowed,1
blessing,1
metaphorical,1
Hardanger'ad,1
elevation,1
remarkable,1
delighted,1
pursue,1
eyebrow,1
stretched,1
tolerate,1
prudish,1
generally,1
crave,1
exhib-,1
strongly,1
somewhat,1
irritate,1
awaken,1
resistance,1
encounter,1
messy,1
celebratory,1
throne,1
Bishop,1
sacred,1
violate,1
report,1
degrade,1
play-,1
excellent,1
lifelong,1
accurate,1
dissertation,1
expert,1
major,1
abroad,1
dutiful,1
stuffy,1
client,1
darken,1
cramp,1
aid,1
roughly,1
unroll,1
Parlor,1
twisted,1
distaste,1
Sed,1
trinity,1
logic,1
contradictory,1
paradoxical,1
symbol,1
dryer,1
Coffee,1
aisle,1
indulge,1
rutabaga,1
Hey,1
increase,1
roomy,1
Isay,1
Soitis,1
splay,1
padding,1
scorn,1
Sygnef,1
gust,1
aft,1
idle,1
neutral,1
manoeuvre,1
jord,1
farthest,1
91inste,1
nowit'stimeformetogooutondeckandIhavetojustdo,1
twinkle,1
column,1
tow,1
onedayIcangooverthereandwaxitandfixitup,1
inland,1
shipshape,1
scraggly,1
accord,1
property,1
ar-,1
kyrie,1
selber,1
war,1
dort,1
Unterschiedenheit,1
aller,1
allem,1
beg,1
n'e4mlich,1
Gottes,1
jenem,1
bleiben,1
werde,1
jetzt,1
gewesen,1
sterben,1
niemals,1
insist,1
al-,1
inlet,1
ungeboren,1
schoolchildren,1
toddle,1
lawn,1
mow,1
undamaged,1
namesake,1
onwards,1
rim,1
trip'll,1
astern,1
billow,1
skerry,1
aground,1
teenager,1
skipper,1
tricky,1
bridge,1
vacation,1
yacht,1
luxury,1
clicks,1
ideally,1
whimpering,1
needlenose,1
whimper,1
thumping,1
accurately,1
plier,1
brain,1
stow,1
trunk,1
gale,1
weather'd,1
wandering,1
Believed,1
bladder,1
porthole,1
bulle-,1
Patmos,1
John,1
required,1
door-,1
tub,1
zinc,1
bathe,1
outhouse,1
ruined,1
loosely,1
asunder,1
temperance,1
under-,1
men,1
tre-,1
deadly,1
cohabitating,1
Devil,1
henchman,1
witch,1
blacksmith,1
bender,1
arc,1
stance,1
nave,1
collectedness,1
conquer,1
void,1
action,1
predetermine,1
finite,1
planet,1
brilliant,1
ponder,1
sweat,1
forgiveness,1
annihilation,1
disappearing,1
scripture,1
utmost,1
ascend,1
Pilate,1
Pontius,1
suffer,1
dishevelled,1
distinguish,1
encompass,1
blasphemous,1
ye,1
lest,1
Jews,1
million,1
exterminate,1
sunshine,1
existence,1
weekly,1
comprehensibly,1
shalt,1
proximity,1
spiritualize,1
straw,1
undifferentiating,1
local,1
judgment,1
irrational,1
unclear,1
muddle,1
Rettende,1
w'e4chst,1
Gefahr,1
aber,1
Wo,1
zu,1
schwer,1
incomprehensibly,1
Nah,1
cease,1
transfiguration,1
eucharist,1
conduct,1
sacrament,1
repentance,1
crouch,1
jewellery,1
schoolhouse,1
Mama,1
hopelessness,1
dilute,1
confusedly,1
catheter,1
intravenously,1
illegitimate,1
atonement,1
organ,1
choir,1
oppose,1
blackest,1
everyday,1
weekday,1
unbreakable,1
Italy,1
depart,1
successfully,1
practical,1
technically,1
dragon,1
paralysed,1
rental,1
paradoxe,1
vertical,1
horizontal,1
paintbrush,1
inheritance,1
inconceivable,1
economic,1
ofthecrossattheendandimakeasignofthecrossandi,1
translate,1
doxology,1
Human,1
miraculously,1
pinewood,1
ineptum,1
credibile,1
weightless,1
Bet,1
tattooed,1
regard,1
alike,1
attract,1
glue,1
newborn,1
hairtie,1
limp,1
handed,1
suspiciously,1
blacker,1
trash,1
carefree,1
hallandpickupthephoneandiholdittomyearandisee,1
moral,1
yearning,1
Nothing,1
shovelling,1
Borch,1
unsure,1
staircase,1
predestine,1
accident,1
cathedral,1
windowpane,1
virtuoso,1
Unity,1
shuffle,1
admiration,1
unmoored,1
out-,1
Gude,1
highly,1
awfully,1
accidental,1
Tidemand,1
select,1
refusal,1
Voss,1
brownish,1
Midnight,1
prestigious,1
hollow,1
tremendous,1
streetcorner,1
arrival,1
fitting,1
freshly,1
arrangement,1
City,1
met,1
cohabitate,1
startle,1
fragment,1
embroider,1
growl,1
tiring,1
griping,1
ishe,1
fin-,1
restrain,1
exceptional,1
vomiting,1
hostess,1
Jugendstil,1
romantic,1
tipsy,1
crochet,1
feminine,1
drinkable,1
T,1
amazement,1
aftertaste,1
Steep,1
astounded,1
leaving,1
visor,1
gear,1
rumble,1
slab,1
snowdrift,1
tool,1
surge,1
hotplate,1
nap,1
fortunately,1
things'll,1
nicer,1
kit,1
career,1
banknote,1
slob,1
flare,1
anger,1
span,1
spick,1
sore,1
cleaning,1
hay,1
sting,1
tended,1
People,1
lye,1
shrink,1
lar,1
garbage,1
simi-,1
perfume,1
stank,1
educate,1
tart,1
yearn,1
afar,1
hack,1
Christmastime,1
membership,1
commit,1
peak,1
fade,1
outermost,1
VII,1
sweater,1
shh,1
washstand,1
pillbox,1
eyelid,1
gone,1
provide,1
mooning,1
celebration,1
grant,1
thinkable,1
shouldebag,1
instructor,1
ugh,1
swing-,1
glowing,1
inhale,1
emerge,1
teary,1
thoughtful,1
resting,1
merge,1
combination,1
tenderness,1
adjacent,1
backyard,1
vanilla,1
recent-,1
stammer,1
coun-,1
width,1
stealing,1
suspect,1
guide,1
sobbing,1
shiny,1
marble,1
cone,1
laundry,1
cough,1
commercial,1
stapled,1
crosswise,1
soothe,1
transparent,1
glint,1
artery,1
flicker,1
penny,1
pinching,1
towel,1
redcurrant,1
gooseberry,1
apple,1
plum,1
preserve,1
jar,1
pitterpattere,1
illustrator,1
expiration,1
entertainment,1
purely,1
arette,1
cig-,1
Breathe,1
olav,1
virtue,1
junky,1
communist,1
gasp,1
Socialist,1
stroking,1
draughtsman,1
Catholicism,1
tickling,1
merciful,1
benevolent,1
destruction,1
Israel,1
overtire,1
zip,1
musn't,1
misunderstood,1
stands,1
establish,1
Bottom,1
Fall,1
confront,1
breaking,1
divinity,1
Adam,1
abandon,1
Push,1
crawl,1
darkly,1
impotence,1
united,1
children,1
keeps,1
horribly,1
93t'94s,1
stabbing,1
yeahhhhh,1
III,1
Rimbaud,1
Arthur,1
autre,1
un,1
hurl,1
91je,1
running,1
bud,1
mid,1
worthless,1
tighter,1
wildly,1
walker,1
toddler,1
thigh,1
benedictum,1
hight,1
uniform,1
mound,1
schooldesk,1
breathlessly,1
modest,1
peacock,1
shallow,1
foolishly,1
dog'll,1
arrow,1
sunset,1
sunrise,1
herd,1
distortion,1
Goodnight,1
continuation,1
lantern,1
magic,1
upwards,1
myselfanditakearightandiseeonadoorandigo,1
flag,1
flagpole,1
hesitate,1
astride,1
tilt,1
humiliate,1
heartbeat,1
shave,1
mov-,1
tuft,1
salon,1
unmanly,1
harp,1
ness,1
busi-,1
Ye,1
theirs,1
Gimle,1
passable,1
Everything'll,1
accordion,1
split,1
weakly,1
speaker,1
upstande,1
teetotaler,1
wellbee,1
tingle,1
stool,1
sulky,1
sunday,1
travelling,1
ter,1
af-,1
applause,1
sharply,1
heavenly,1
unpleasant,1
Nope,1
dwell,1
require,1
shaggy,1
unto,1
dire,1
hayloft,1
summertime,1
scoff,1
specifically,1
agitated,1
confusing,1
presume,1
meekly,1
steaming,1
solidly,1
intersecting,1
Bjørgvinners,1
plane,1
earlyish,1
driest,1
slick,1
retuck,1
link,1
result,1
lacking,1
waist,1
destitute,1
tallow,1
thistle,1
sow,1
alpine,1
You,1
mechanically,1
annoying,1
danish,1
seek,1
installation,1
profession,1
noble,1
affect,1
physically,1
prevent,1
tradesman,1
multiplying,1
advertisement,1
delinquent,1
schooling,1
dictionary,1
reflector,1
studded,1
stud,1
newish,1
occasionally,1
easiest,1
Danish,1
Bokm'e5l,1
venture,1
stately,1
Public,1
related,1
gospel,1
Yeahhh,1
ward,1
trot,1
stubbornly,1
import,1
nephew,1
niece,1
Vika,1
sorted,1
spray,1
fertilized,1
trees'd,1
princess,1
cove,1
boatbuilding,1
solitary,1
loosen,1
rest-,1
Unbelievable,1
underwater,1
splotch,1
drowned,1
filthy,1
sniffle,1
blueberry,1
yank,1
ripe,1
failure,1
capture,1
slope,1
Supply,1
ha,1
scamp,1
turning,1
twisting,1
hussy,1
hassle,1
friendship,1
pixie,1
identically,1
pushy,1
bathrobe,1
insightful,1
meadow,1
flap,1
afresh,1
outbuilde,1
loudly,1
Sort,1
Åsleik'll,1
unmistakable,1
sluggish,1
steeply,1
massive,1
fright,1
bored,1
forbid,1
woodbox,1
uncertainty,1
prepared,1
Yellow,1
Red,1
contexts,1
ner,1
cor-,1
seawater,1
Mother'll,1
Blue,1
journey,1
siding,1
tone,1
agony,1
inexpressible,1
doll,1
co,1
ow,1
grasp,1
washcloth,1
hem,1
liv-,1
irreplaceable,1
weaving,1
apron,1
Lap,1
dress'll,1
inflate,1
poke,1
consolation,1
odder,1
pier,1
sibling,1
inscrutable,1
slanted,1
comprehension,1
Trinity,1
strip,1
disobedient,1
rocking,1
fate,1
scuttle,1
driftwood,1
seaweed,1
bubble,1
col-,1
seashell,1
branch,1
caramelize,1
inseparable,1
bewildering,1
forgotten,1
duplicate,1
interrupt,1
indifferent,1
defend,1
consume,1
Ursache,1
Beats,1
Name,1
monster,1
amplify,1
fling,1
curve,1
subscribe,1
disagree,1
swear,1
ket,1
blan-,1
handling,1
raw,1
shrivel,1
halfsleep,1
grumbling,1
louder,1
food'll,1
squealing,1
flock,1
da'df,1
remembering,1
fiction,1
flapping,1
daf'fcr,1
baked,1
disaster,1
barber,1
mysteriously,1
conflict,1
ugliness,1
foul,1
withered,1
stench,1
decay,1
rat,1
mouse,1
ant,1
insect,1
bird,1
knowing,1
undignified,1
audibly,1
grind-,1
ask-,1
Aahhh,1
helps,1
Protection,1
protection,1
do-,1
embrace,1
hoarse,1
violent,1
frying,1
93Gott'94,1
crabby,1
absurd,1
yes-,1
whichever,1
swap,1
keeping,1
trade,1
pitcture,1
darn,1
Nilsen,1
Nikolausen,1
pace,1
selling,1
label,1
Olsen,1
misremember,1
streetlamp,1
capable,1
accomplish,1
bush,1
childish,1
assemble,1
battery,1
Silja,1
biblical,1
junk,1
cloth,1
terday,1
sleepily,1
attendant,1
cutlet,1
carton,1
unshakable,1
soup,1
drama,1
nonetheless,1
overpower,1
choke,1
miserable,1
haunt,1
Shopkeeper,1
expectation,1
herring,1
fritter,1
herre,1
dried,1
shampoo,1
soap,1
II,1
shoelace,1
lace,1
gurgle,1
twine,1
breakfast'll,1
discharge,1
pound,1
cymbal,1
sadness,1
wobbly,1
eerie,1
speedferry,1
speedboat,1
ferryboat,1
bisect,1
midline,1
cautiously,1
overboard,1
sarcastic,1
captain,1
wharf,1
psalm,1
nearest,1
aha,1
behave,1
Last,1
rid-,1
danger,1
limb,1
invisibilium,1
checkup,1
blab,1
staying,1
perceptible,1
omnium,1
uncanny,1
char,1
probaby,1
syllable,1
weeping,1
indivisibly,1
separation,1
division,1
defence,1
stormy,1
attempt,1
prick,1
security,1
decline,1
Delicious,1
thirtsy,1
Sorry,1
bump,1
clattering,1
Sancti,1
scratch,1
barking,1
Spiritus,1
Patris,1
slushy,1
andthenitakearightandiwalkforabitandthenitake,1
nomine,1
paint-,1
excited,1
standng,1
exhale,1
eagerness,1
discovery,1
discover,1
ber,1
eld,1
compliment,1
Patri,1
silk,1
cobbler,1
rubber,1
scrimp,1
imply,1
clear-,1
swoop,1
regret-,1
connected,1
Marias,1
halting,1
noticing,1
raindrop,1
rectangle,1
horizon,1
blaze,1
percolator,1
necklace,1
motif,1
Quality,1
Bard,1
Flora,1
yearly,1
nerve,1
dissimilar,1
reduce,1
marketing,1
visibilium,1
unpacked,1
Lumine,1
tween,1
typical,1
de,1
doorstop,1
receipt,1
institution,1
wispy,1
airy,1
thorough,1
shivering,1
couch,1
Lumen,1
admittedly,1
Nicene,1
relation,1
Apostolic,1
dissatisfied,1
wail,1
whatsoever,1
pic-,1
skid,1
carpenter,1
Dinge,1
keinem,1
begreifen,1
niemand,1
draught,1
unsold,1
Olso,1
wissen,1
locate,1
Mensch,1
vain,1
wordlessly,1
insurmountable,1
Ages,1
Middle,1
mystic,1
renting,1
dash,1
anytime,1
tograph,1
pho-,1
ink,1
squint,1
fice,1
Worte,1
measure,1
redo,1
rattle,1
escape,1
particularly,1
sweaty,1
paralyze,1
Waves,1
staple,1
uneven,1
erratic,1
lectern,1
gait,1
quote,1
ditch,1
retired,1
scandinavian,1
novel,1
muddled,1
precision,1
concentration,1
snowy,1
transcendent,1
immanent,1
oneself,1
borderline,1
metaphorically,1
of-,1
topple,1
Domine,1
illuminate,1
noticeable,1
onward,1
bankbook,1
savingsaccount,1
Miserere,1
Easter,1
Vestland,1
housemate,1
beerandashotforhim,1
bitty,1
woodshed,1
cosily,1
divided,1
spin,1
asformeIjustwantacupofcoffee,1
bartender,1
sitting,1
fragmentary,1
entirety,1
totality,1
Fili,1
Iesu,1
um,1
queasy,1
dandy,1
needle,1
pin,1
peccatoris,1
notion,1
enemy,1
tremem,1
burglary,1
warehouse,1
conscious,1
unreal,1
dreamed,1
Trakl,1
Georg,1
Beckett,1
Samuel,1
forefing,1
hire,1
slant,1
chock,1
lemonade,1
wal-,1
openface,1
butts,1
lever,1
houseware,1
loaf,1
grandma,1
crumple,1
ture,1
mouthful,1
moodiness,1
blurt,1
flood,1
unfamiliar,1
inevitable,1
adjoining,1
explanation,1
bracket,1
puffing,1
belonging,1
personal,1
wheezing,1
wander,1
uselessly,1
swerve,1
tensely,1
Square,1
Foolishness,1
claim,1
nodding,1
pale,1
cranny,1
deed,1
indicator,1
smoothly,1
wit,1
startled,1
protestant,1
valid,1
flooding,1
snowing,1
responsibility,1
society,1
acceptable,1
adolescence,1
memorable,1
Drop,1
deceased,1
uncertainly,1
wintry,1
howling,1
march,1
taxis,1
Finland,1
reckless,1
alert,1
illumination,1
bodily,1
heaviness,1
utensil,1
sprinkle,1
nordic,1
Iceland,1
Faroe,1
Islands,1
originally,1
region,1
cultivate,1
upright,1
revive,1
technique,1
acrylic,1
release,1
bloody,1
grabs,1
pointing,1
Fuck,1
bum,1
huh,1
pressed,1
upon,1
Sound,1
resound,1
overdo,1
pity,1
stayed,1
Imagine,1
bandmate,1
terje,1
confuse,1
alcoholic,1
Answer,1
shyness,1
blossoming,1
respond,1
stroll,1
masterpiece,1
conference,1
beating,1
hesitantly,1
regularity,1
sightedness,1
pull-,1
shocked,1
sailing,1
dilapidate,1
collapsing,1
verge,1
hovel,1
convention,1
overwhelming,1
gathering,1
Naughty,1
intimidate,1
awe,1
specialize,1
ladder,1
flight,1
clothes'll,1
sandy,1
heard,1
accuse,1
boatbuilder,1
inquisitive,1
mediumlength,1
congenital,1
transsubstantiate,1
yup,1
exwive,1
flee,1
reunite,1
prerequisite,1
Earth,1
Asle'll,1
plop,1
thereby,1
unimportant,1
truer,1
someone'll,1
picture'll,1
meaninglessness,1
procedure,1
thoroughly,1
simultaneously,1
Animal,1
Rescue,1
resurrected,1
grieve,1
handyman,1
shack,1
seal,1
headrest,1
laude,1
drowsily,1
calculate,1
amazed,1
decade,1
Sold,1
slim,1
some'll,1
Ground,1
differently,1
erwise,1
oth-,1
ghost,1
onstage,1
vesper,1
define,1
dreamy,1
sextus,1
matin,1
people'll,1
manager,1
partner,1
convere,1
basic,1
unease,1
gosh,1
lover,1
defect,1
crippled,1
re-,1
fluster,1
work-,1
tousle,1
whitewash,1
electricity,1
subscriber,1
buffet,1
factory,1
hip,1
embarrass,1
fuss,1
crumb,1
haired,1
bedside,1
horn,1
burow,1
armful,1
abuse,1
muzzle,1
bath,1
dogshit,1
idiotic,1
gruffly,1
whiteness,1
Oof,1
crossway,1
appren-,1
tice,1
lodging,1
focus,1
usable,1
bras,1
threatening,1
pathetic,1
permanent,1
Beyer'll,1
knot,1
protective,1
Benedictum,1
tireder,1
whitewashed,1
glove,1
starts,1
festivity,1
drowsy,1
Take,1
fumble,1
permit,1
Book,1
Rent,1
notepaper,1
scrub,1
mount,1
night-,1
christe,1
