word,count
and,20021
the,11732
I,11148
he,8826
to,7271
that,6085
's,5918
says,5698
it,5450
a,5283
in,4533
she,3860
of,3607
then,3194
n't,3014
Asle,2546
The,2509
there,2460
think,2214
is,2054
at,2036
was,2030
they,1892
but,1858
his,1714
on,1690
so,1678
with,1584
yes,1563
say,1552
have,1327
just,1319
for,1318
him,1315
now,1303
her,1296
do,1280
like,1269
be,1259
you,1247
go,1223
up,1208
because,1158
my,1113
can,1107
as,1102
out,1082
if,994
not,974
'll,969
me,965
see,963
all,949
one,943
thinks,941
or,936
get,915
down,897
from,843
Åsleik,819
what,801
them,794
into,775
back,752
when,749
too,747
are,744
no,735
'd,727
about,726
Ales,723
has,702
good,695
does,691
had,688
've,675
something,652
little,644
pictures,624
said,623
'm,608
we,598
time,590
picture,584
always,580
who,574
this,572
look,560
over,558
did,556
other,534
even,533
way,524
how,517
ca,498
maybe,491
long,489
Yes,489
house,486
room,484
been,482
never,481
should,480
again,472
right,471
Beyer,468
could,464
Bjørgvin,459
want,446
really,441
well,438
're,437
where,437
Sister,430
anything,427
take,425
need,423
know,420
door,419
God,417
more,414
come,412
paint,412
going,411
by,401
two,401
before,391
Father,389
people,383
sitting,382
much,379
hand,378
put,373
car,371
would,366
painting,365
Sigve,356
an,356
some,352
goes,350
probably,341
paintings,341
were,332
off,331
home,326
around,324
Mother,323
looks,322
any,315
still,313
almost,312
since,308
away,307
why,307
same,305
front,296
drive,295
light,290
standing,288
next,287
everything,285
after,278
many,268
dog,267
day,266
every,263
Christmas,261
woman,257
first,251
each,251
will,250
old,245
takes,243
only,238
sit,237
else,234
here,231
comes,231
must,230
got,230
You,229
their,228
thing,225
snow,225
thought,225
table,221
And,220
sure,219
black,218
anyway,218
looking,217
needs,217
than,217
painted,215
both,213
Bragi,211
School,211
big,211
lying,209
inside,207
puts,206
gets,206
today,203
course,202
white,200
soon,200
hair,200
kind,199
brown,199
stand,199
water,198
sees,197
make,195
already,193
nice,193
things,191
road,190
myself,190
start,190
done,188
times,188
himself,188
lot,188
feel,188
enough,187
nothing,184
man,181
stop,181
wants,181
years,181
these,180
someone,179
But,179
live,178
chair,178
beer,178
walk,175
drink,174
Herdis,173
bed,172
Åsen,172
another,172
name,169
understand,168
tell,167
either,167
turn,166
while,165
keep,165
Guro,164
asks,164
buy,163
gone,163
No,163
hands,162
glass,160
best,160
whole,157
year,157
It,154
outside,154
own,153
also,153
apartment,152
left,152
those,151
wanted,151
ever,151
might,147
Art,147
together,147
place,146
mother,146
call,146
walking,145
Gallery,144
driving,144
money,144
kitchen,141
went,141
better,141
without,140
alone,140
cross,140
saying,139
us,139
feels,139
tired,138
open,138
eyes,137
thinking,137
living,136
bad,136
few,135
very,135
once,133
used,133
actually,132
side,132
Country,130
doing,130
often,130
behind,127
night,126
least,125
your,124
wo,124
grey,124
lived,124
seen,123
give,123
dark,122
most,122
Inn,122
Namesake,122
ask,122
remember,122
life,122
hear,122
shaking,120
person,118
stands,118
talk,117
though,117
hard,115
hall,115
usually,115
stay,114
totally,114
show,114
able,113
bought,113
called,113
through,113
empty,113
sell,112
head,112
saw,112
sleep,112
slowly,112
coffee,111
told,109
floor,109
bag,109
knows,109
being,109
Man,108
came,108
starts,108
darkness,107
far,107
window,107
believe,106
middle,106
High,106
cold,106
getting,106
bus,105
Liv,105
boat,104
coming,104
Dylgja,104
between,104
let,104
leave,103
three,103
holding,103
body,102
took,102
tomorrow,102
opens,102
Hospital,101
last,101
holds,100
art,100
straight,100
sits,99
Lane,99
sometimes,99
stove,99
whatever,98
read,98
under,98
started,98
found,98
bit,98
young,98
words,97
lives,97
school,97
dead,96
against,95
Grandmother,95
thank,95
truth,95
anyone,95
fine,95
move,94
Olve,93
turns,92
drinking,92
Barmen,92
towards,92
bottle,92
such,92
anymore,92
father,91
silence,91
single,91
exactly,90
stops,90
lie,90
wrong,90
small,89
died,89
That,89
case,89
waves,89
cigarette,89
find,88
food,88
lamb,88
makes,88
ones,87
past,87
made,86
until,86
new,86
hanging,86
Baker,85
close,84
exhibition,84
shoulder,83
true,83
silent,83
suitcase,83
wine,82
Boat,81
morning,81
Academic,81
coat,80
lots,80
main,80
oil,80
different,79
bring,78
suddenly,77
Siv,77
try,77
ground,77
number,77
its,76
walks,76
onto,76
days,76
pretty,76
am,75
moved,75
lines,75
St,75
boy,74
Store,74
along,74
face,74
parents,74
Judit,73
sea,73
happened,73
strange,73
Stranda,73
great,73
attic,72
stopped,71
pick,71
hold,71
eat,70
beautiful,70
sort,70
married,70
having,70
canvas,70
wall,69
sign,69
blue,68
rest,68
taken,68
less,68
bench,67
easel,67
sold,67
moving,66
breathe,66
world,66
Bald,66
Street,66
reason,66
shakes,65
real,65
wait,64
Church,64
taxi,64
happy,64
sofa,64
our,64
finished,63
Eve,63
needed,63
ahead,63
liked,63
children,62
jacket,62
sister,62
talking,62
lies,62
somewhere,61
asked,61
Alehouse,61
country,61
spot,61
shoulderbag,61
set,61
everyone,61
matter,61
work,60
word,60
help,60
ago,60
leather,59
likes,59
mouth,59
looked,59
playground,59
Gunvor,59
shining,59
seeing,58
drinks,58
Bus,58
gives,58
space,57
colours,57
ribs,57
Landlady,57
leaves,57
swing,57
So,57
Coffeehouse,57
met,56
drunk,56
knew,56
feet,56
several,56
shopping,56
arms,56
definitely,56
bags,56
op,56
hears,56
length,56
Co,56
given,55
half,55
thanks,54
named,54
become,54
couple,54
especially,54
books,54
answer,54
whether,54
yesterday,54
Pedersen,53
bread,53
which,53
clothes,53
waiting,53
friend,53
use,53
arm,53
drove,53
top,53
Christ,53
Hotel,53
part,53
medium,52
end,52
warm,52
easy,52
finally,52
rolls,52
paper,52
Gudleiv,52
later,52
care,52
mass,52
scared,52
play,51
Yeah,51
herself,51
felt,50
dress,50
phone,50
pay,50
pray,50
velvet,50
raises,50
rather,50
University,50
early,49
blanket,49
turned,49
Eiliv,49
Doctor,49
street,49
nods,49
rid,48
neither,48
realize,48
voice,48
building,48
cut,48
Beach,48
kingdom,48
Youth,48
itself,48
fact,47
crying,47
We,47
Sygne,47
quite,47
et,47
roll,47
Aga,47
peace,47
happen,46
heard,46
four,46
girl,46
snowing,46
death,46
point,46
Dock,46
bacon,46
Handyman,46
yet,46
sat,46
run,45
decided,45
boats,45
Driver,45
clearly,45
carefully,45
near,45
shut,45
mind,45
cake,45
rent,45
moment,44
Centre,44
bedroom,44
corner,44
rented,44
child,44
gallery,44
carry,44
wrote,44
farm,44
Rowboat,44
forward,44
asleep,43
Sea,43
round,43
across,43
spend,43
driven,43
possible,43
hungry,43
tractor,43
obviously,43
impossible,42
clear,42
meet,42
supposed,42
Paul,42
stairs,42
full,42
forth,42
free,42
fall,42
bottles,42
wood,41
kept,41
Cross,41
Jesus,41
tight,41
drop,41
high,41
smoke,41
path,41
Clinic,40
running,40
barely,40
thoughts,40
He,40
Andrew,40
air,40
hill,40
walked,40
happens,39
step,39
tonight,39
Boy,39
covered,39
plate,39
points,39
somehow,39
milk,39
Fjord,39
stupid,39
entirely,39
desk,39
portrait,39
pull,39
brought,39
wheel,39
lets,39
short,39
sky,38
important,38
sense,38
box,38
Hardanger,38
calls,38
artist,38
seat,37
closer,37
mean,37
church,37
picks,37
loud,37
reading,37
guitar,37
taking,37
hang,37
certainly,37
pulls,37
Olav,36
shoes,36
leg,36
playing,36
Terje,36
landmark,36
means,36
invisible,36
houses,36
Alida,36
Per,36
Well,36
gave,36
noise,36
Boathouse,36
tubes,36
thumb,36
hardly,35
blonde,35
aside,35
written,35
managed,35
quiet,35
windshield,35
human,35
idea,35
finger,35
painter,34
remembers,34
tried,34
farther,34
rosary,34
north,34
sip,34
A,34
windows,34
Brochmann,34
present,34
runs,33
lift,33
Caf'e9,33
Taxi,33
Wife,33
earth,33
older,33
sound,33
prayer,33
cries,33
laugh,33
visit,33
notice,33
book,33
d8ygna,33
Tor,33
dry,33
trying,32
celebrate,32
love,32
Times,32
laughs,32
Catholic,32
others,32
ready,32
themselves,32
taste,32
smoking,32
during,32
noticed,32
keeps,31
unbelievable,31
exist,31
manage,31
calm,31
stayed,31
instead,31
born,31
Old,31
allowed,31
deeply,31
men,31
wearing,31
alive,31
meaning,31
heavy,31
stack,31
pieces,31
second,31
guy,30
usual,30
Alise,30
Bakery,30
practically,30
seems,30
above,30
Norway,30
drawing,30
dinner,30
fish,30
five,30
falling,30
stronger,30
lodged,30
band,30
leaning,30
cup,30
Grandma,30
carrying,29
son,29
pan,29
tie,29
board,29
working,29
smoked,29
driveway,29
lap,29
lucky,29
wedding,29
plus,29
talked,29
disappear,29
reception,29
shake,29
bigger,29
evil,29
longer,29
shows,29
Sailor,28
B'e5rd,28
late,28
weather,28
thick,28
Do,28
stretchers,28
red,28
watch,28
starting,28
coins,28
lay,28
engine,28
guess,28
icons,28
mine,28
Grandfather,27
park,27
lost,27
teacher,27
Geir,27
anywhere,27
Teacher,27
Oslo,27
What,27
earlier,27
pours,27
Principal,27
however,27
lutefisk,27
eventually,27
tells,27
scarf,27
roads,27
There,27
evening,27
constantly,27
wife,27
Sygnefjord,27
edge,27
husband,26
House,26
letter,26
none,26
stretcher,26
keys,26
nos,26
whenever,26
slept,26
spirit,26
ring,26
falls,26
Cove,26
exists,26
worst,26
lights,26
wallet,26
pint,26
purple,25
leaving,25
nothingness,25
grown,25
completely,25
steps,25
nine,25
spent,25
strong,25
except,25
wooden,25
Because,25
pullover,25
breathing,25
visible,25
showed,25
fire,25
kroner,25
places,25
drank,25
ashtray,25
talent,25
normal,25
works,24
names,24
Norwegian,24
forever,24
Instefjord,24
paints,24
shuts,24
stays,24
terrible,24
Fiddler,24
stage,24
price,24
glasses,24
feeling,24
German,24
making,24
rain,24
sick,24
smaller,24
tastes,24
sounds,24
may,23
learned,23
parked,23
yellow,23
deer,23
sorry,23
forget,23
Shoemaker,23
land,23
city,23
learn,23
Workshop,23
pack,23
drives,23
pushes,23
pain,23
boots,23
boathouse,23
hook,23
brush,23
south,23
blankets,23
die,23
spirits,23
push,23
yourself,23
Dairy,23
recently,22
Station,22
tobacco,22
forgive,22
trees,22
hung,22
strength,22
fruit,22
known,22
women,22
bowl,22
turnoff,22
Our,22
ways,22
simple,22
Advent,22
Shop,22
desire,22
draw,22
renting,22
Son,22
gotten,22
custard,22
write,22
sketchpad,22
job,22
clean,22
nobis,22
line,22
English,22
breakfast,22
chairs,22
legs,22
change,22
sad,22
besides,21
cars,21
fresh,21
sleeping,21
heaven,21
chest,21
paid,21
tries,21
Thy,21
buying,21
fear,21
thin,21
covering,21
stuff,21
girls,21
eggs,21
storage,21
horrible,21
stuck,21
worked,21
expensive,21
moves,21
friends,21
burnt,21
foot,21
proud,21
crossing,21
speak,21
cigarettes,21
hours,21
Food,21
Drink,21
admit,20
glad,20
silently,20
understood,20
o'clock,20
seven,20
Maria,20
pencil,20
difference,20
soul,20
perfectly,20
hatch,20
sketch,20
harder,20
Now,20
absolutely,20
collection,20
supplies,20
basement,20
language,20
neck,20
happening,20
Wharf,20
apart,20
dropped,20
smell,20
direction,20
hurry,20
taught,20
ran,20
doctor,20
Little,20
nod,20
potatoes,20
tuum,20
kinds,20
pocket,20
colour,20
filled,20
confirmed,20
snowflakes,19
fjord,19
maths,19
age,19
wide,19
pet,19
summer,19
downstairs,19
newspaper,19
picked,19
onions,19
rooms,19
Eckhart,19
kiss,19
follows,19
counter,19
ID,19
sudden,19
deep,19
powerful,19
became,19
fishing,19
week,19
worried,19
luck,19
roof,19
fur,19
photograph,19
worse,19
ride,19
obvious,19
nor,19
ten,19
winter,18
shouts,18
register,18
Car,18
angel,18
sheets,18
Salesman,18
angels,18
freezer,18
wake,18
certain,18
Meister,18
meal,18
follow,18
Sold,18
deck,18
host,18
trousers,18
realized,18
lifts,18
key,18
dirty,18
alcohol,18
boxes,18
truly,18
cabin,18
mostly,18
Hospice,18
sometime,18
walls,18
upstairs,18
gift,18
narrow,18
bead,18
quit,18
quietly,18
student,18
becomes,18
eating,18
check,18
opening,18
sandpit,18
hope,17
Student,17
doorway,17
special,17
eaten,17
shoulders,17
family,17
sooner,17
knowing,17
fallen,17
Pater,17
sack,17
wrapped,17
deliver,17
surely,17
Home,17
town,17
Maybe,17
centre,17
catch,17
writes,17
row,17
Just,17
damn,17
innermost,17
quickly,17
month,17
dogs,17
brings,17
New,17
third,17
bell,17
warmth,17
beard,17
Bible,17
grace,17
seem,17
facing,17
listen,17
hotel,17
stood,17
problem,17
piece,17
goodbye,17
shine,17
helped,17
screeching,17
trip,17
tears,17
touch,17
grew,17
shot,17
lead,17
sandwich,16
knife,16
Is,16
crazy,16
angry,16
kicks,16
cleared,16
Sartor,16
otherwise,16
movement,16
spread,16
wrap,16
Room,16
jumps,16
understands,16
footsteps,16
Bartender,16
Nurse,16
add,16
break,16
breast,16
easier,16
barn,16
staring,16
wheelhouse,16
burning,16
rocks,16
suit,16
afternoon,16
exhibitions,16
autumn,16
sicut,16
hopes,16
doorbell,16
artium,16
built,16
Bank,16
examen,16
pastor,16
meant,16
Or,16
finish,16
fast,16
putting,16
faith,16
disappears,16
slip,16
brushes,16
card,15
review,15
Schoolmaster,15
fork,15
future,15
smokes,15
memory,15
opposite,15
cellar,15
forgot,15
wind,15
shown,15
forwards,15
imagine,15
mountain,15
Daughter,15
rope,15
baby,15
motor,15
packed,15
fit,15
drowned,15
bow,15
hole,15
pour,15
Fishmarket,15
raise,15
trembling,15
stipend,15
sand,15
thy,15
Vik,15
frying,15
shop,15
hot,15
girlfriend,15
turning,15
Headland,15
nowhere,15
fill,15
fixed,15
throws,15
various,15
sinks,15
duvet,15
steep,14
helps,14
tied,14
kids,14
They,14
stars,14
Charge,14
stiff,14
closed,14
large,14
soda,14
selling,14
wear,14
despite,14
pays,14
sink,14
baptism,14
business,14
pile,14
bend,14
sun,14
green,14
soft,14
eleison,14
speaking,14
National,14
plenty,14
Last,14
growing,14
telling,14
index,14
Bay,14
lit,14
French,14
mug,14
turnips,14
communion,14
pass,14
Have,14
title,14
twice,14
someday,14
power,14
kid,14
ashamed,14
star,14
bottom,14
music,13
nails,13
embroidery,13
hello,13
term,13
luckily,13
bodices,13
log,13
funeral,13
unbelievably,13
studio,13
krone,13
decide,13
share,13
owns,13
artists,13
question,13
childhood,13
nicely,13
giving,13
students,13
hers,13
wherever,13
suffering,13
ended,13
passed,13
plates,13
exact,13
boards,13
class,13
faster,13
pouch,13
beads,13
asking,13
leash,13
incomprehensible,13
downhill,13
careful,13
badly,13
Minister,13
safe,13
gently,13
view,13
baptized,13
beef,13
Ave,13
welcome,13
belly,13
In,13
history,13
shape,13
easily,13
driver,13
stroke,13
stone,13
quick,13
Are,13
My,13
buildings,13
knocks,13
missing,13
example,13
six,13
Lord,12
moon,12
sober,12
nostra,12
Et,12
doubt,12
talks,12
eternity,12
shower,12
afraid,12
boot,12
heels,12
locks,12
Hardangerfjord,12
okay,12
notices,12
bald,12
snowed,12
order,12
unlocks,12
rough,12
minute,12
prison,12
folk,12
knock,12
kindling,12
packet,12
nettle,12
village,12
amount,12
rose,12
unfinished,12
noster,12
hit,12
grinding,12
chips,12
worth,12
chance,12
If,12
Parlour,12
dish,12
address,12
Painting,12
Thank,12
regular,12
mutton,12
literature,12
ordinary,12
embarrassed,12
To,12
honest,12
yeah,12
wash,12
darker,12
groceries,12
sticks,12
neighbour,12
wish,12
keeping,12
scarves,12
rowboat,12
toilet,12
opened,12
fell,12
Good,12
scary,11
shore,11
steady,11
caf'e9,11
tasted,11
divided,11
honour,11
meat,11
heart,11
changed,11
customers,11
played,11
Factory,11
pavement,11
pushing,11
bite,11
sailor,11
clock,11
answers,11
miss,11
cheap,11
mention,11
burner,11
evenly,11
Day,11
reality,11
Sofie,11
yapping,11
closest,11
pulled,11
She,11
es,11
c'e6lis,11
Who,11
Hallowed,11
delivered,11
cupboard,11
numbers,11
count,11
frozen,11
cane,11
Exhibition,11
On,11
Of,11
rubs,11
distance,11
Farm,11
held,11
drag,11
dirt,11
yours,11
strangely,11
boring,11
licence,11
Paint,11
Not,11
ambulance,11
Anne,11
understanding,11
Grieg,11
Furniture,11
Did,11
stored,11
loose,11
rarely,11
watching,11
buys,11
swings,11
rule,11
breathes,11
sent,11
cover,11
rings,11
Latin,11
surprise,11
finds,11
Holy,11
Nynorsk,11
skirt,11
ad,11
express,11
eye,11
unity,11
dock,11
When,11
among,11
Nidaros,11
van,11
interested,10
terra,10
nail,10
finishes,10
realizes,10
c'e6lo,10
disappeared,10
pure,10
area,10
tua,10
threw,10
cash,10
agreed,10
match,10
lips,10
stupor,10
drawings,10
floating,10
faced,10
till,10
connection,10
bringing,10
logs,10
rush,10
unpack,10
dare,10
everywhere,10
exhausted,10
bends,10
regnum,10
presents,10
mad,10
drape,10
visitors,10
neat,10
pride,10
reads,10
dressed,10
throw,10
figure,10
stick,10
Adveniat,10
double,10
nomen,10
Sanctificetur,10
tables,10
ferry,10
hat,10
Let,10
Fiat,10
movements,10
voluntas,10
weeks,10
Your,10
serve,10
ugly,10
precisely,10
cheers,10
nightstand,10
seriously,10
dies,10
parking,10
admitted,10
Like,10
Why,10
proper,10
burlap,10
covers,10
heat,10
Okay,10
piss,10
Silje,10
passes,10
sides,10
below,10
daily,10
humanity,10
promise,10
likely,10
meaningless,10
wonder,10
awake,10
hour,10
reached,10
hangs,10
est,9
toast,9
mashed,9
confused,9
using,9
tin,9
Thanks,9
cook,9
dumplings,9
potato,9
everything'll,9
act,9
chessboard,9
trips,9
screams,9
whoever,9
pulling,9
costumes,9
birth,9
hidden,9
steadily,9
snuff,9
interview,9
opinion,9
grandparents,9
brick,9
draws,9
fingers,9
washed,9
foolishness,9
separate,9
Christie,9
Ridge,9
busy,9
wakes,9
sin,9
smells,9
common,9
Christian,9
page,9
chess,9
hammer,9
folded,9
grabs,9
icon,9
accepted,9
flash,9
apparently,9
This,9
belief,9
Procession,9
teachers,9
fun,9
awful,9
bunch,9
strictly,9
chews,9
nicer,9
oar,9
bookshelf,9
shines,9
slow,9
spring,9
imagined,9
Merry,9
bearings,9
Bridal,9
listening,9
thirsty,9
ing,9
cities,9
Give,9
happiness,9
rosaries,9
trespass,9
whose,9
low,9
planned,9
critic,9
Come,9
resting,9
pro,9
Gott,9
ist,9
surprised,9
writing,9
tuck,9
younger,9
Museum,9
hairband,9
shook,9
forehead,9
ice,9
bent,9
manages,9
yelled,9
temptation,9
bouquet,9
baked,9
trespasses,9
speaks,9
beings,9
dimitte,8
greatest,8
sticking,8
recognize,8
mess,8
corridor,8
cured,8
haircut,8
mouths,8
debita,8
sixteen,8
attached,8
chocolate,8
nowadays,8
libera,8
consider,8
cooking,8
spreads,8
tentationem,8
inducas,8
painters,8
laughing,8
traditional,8
ne,8
doors,8
nostris,8
Huysmann,8
debitoribus,8
undressed,8
slice,8
dimittimus,8
flies,8
nostrum,8
gradually,8
breath,8
pane,8
passenger,8
Arts,8
canister,8
stomach,8
priest,8
hide,8
afterwards,8
chosen,8
rhythm,8
Where,8
dangerous,8
nearness,8
pulse,8
cost,8
Spirit,8
vodka,8
furniture,8
East,8
hodie,8
missed,8
maid,8
form,8
partly,8
arranged,8
matches,8
da,8
Professor,8
lifeless,8
Sunday,8
Panem,8
Year,8
ich,8
pad,8
confirmation,8
fiddle,8
rear,8
weight,8
malo,8
pitcher,8
tui,8
tail,8
stillness,8
Testament,8
considered,8
lower,8
yells,8
Mater,8
satisfied,8
basin,8
raincoat,8
ventris,8
particular,8
fiddler,8
stacked,8
beautifully,8
cloud,8
clouds,8
drew,8
huge,8
hearing,8
photo,8
joy,8
sale,8
rock,8
caught,8
shoemaker,8
Me,8
backs,8
bands,8
overcoat,8
story,8
Hand,8
Second,8
breaks,8
lock,8
borrow,8
spending,8
marks,8
Group,8
tops,8
closeness,8
flowers,8
planning,8
enjoy,8
Christians,8
clever,8
footprints,8
Look,8
spoken,8
Festival,8
sight,8
Right,8
locked,8
songs,8
Northern,8
ears,8
jerking,8
attention,8
Qui,8
offer,8
guests,8
plastic,8
scrape,8
visiting,8
party,8
eight,8
please,8
agree,8
screaming,8
steer,8
Herald,8
cooked,7
oven,7
grave,7
grab,7
medicine,7
softly,7
reach,7
regretted,7
mud,7
apply,7
pillow,7
afford,7
entrance,7
skipped,7
biggest,7
slides,7
fog,7
packing,7
ill,7
telephone,7
prefer,7
sketches,7
belongs,7
sorrow,7
wave,7
boathook,7
Anyway,7
matchbox,7
practice,7
guitarist,7
song,7
crates,7
bass,7
transferred,7
hurts,7
Christe,7
peaceful,7
extra,7
altar,7
fucking,7
closes,7
Mary,7
quality,7
staying,7
beyond,7
string,7
Berge,7
track,7
owned,7
nagging,7
entered,7
Salve,7
Regina,7
ridiculous,7
slices,7
pushed,7
wordless,7
fly,7
newspapers,7
woke,7
higher,7
All,7
worn,7
carrots,7
dream,7
Prison,7
buried,7
salt,7
Dei,7
debut,7
sed,7
mercy,7
fuck,7
button,7
beam,7
heater,7
fender,7
weak,7
despair,7
turpentine,7
bucket,7
reaches,7
fist,7
headland,7
mentioned,7
O,7
pills,7
grateful,7
knives,7
grass,7
raised,7
hug,7
explain,7
mark,7
oh,7
homes,7
emphasizes,7
smiles,7
fried,7
blood,7
heading,7
rich,7
smart,7
whispers,7
carried,7
gate,7
imagining,7
signed,7
broken,7
mistake,7
languages,7
Artist,7
thirteen,7
Nice,7
choose,7
shivering,7
pointed,7
permission,7
stopping,7
fool,7
hops,7
handed,7
switch,7
pair,7
bathroom,7
teeth,7
Was,7
renters,7
scraping,7
worry,7
simply,7
barking,7
electric,7
hugs,7
dance,6
pointing,6
Shore,6
Amen,6
slippery,6
grow,6
misses,6
pines,6
practise,6
slush,6
current,6
tree,6
post,6
shelf,6
Wednesday,6
jump,6
bones,6
climb,6
similar,6
stern,6
twists,6
eats,6
Welcome,6
streets,6
individual,6
Shed,6
grip,6
uphill,6
Kleinheinrich,6
shadows,6
thousands,6
graduated,6
bright,6
reasonable,6
sucks,6
cheek,6
flesh,6
lunch,6
model,6
tracks,6
auditorium,6
ropes,6
praying,6
separated,6
changing,6
dishes,6
hora,6
pot,6
nunc,6
rolled,6
orchard,6
peccatoribus,6
vobis,6
created,6
Sancta,6
fructus,6
inner,6
blind,6
benedictus,6
forgotten,6
gulp,6
prayers,6
birthday,6
countryside,6
sleepy,6
female,6
folks,6
poems,6
boyfriend,6
stubble,6
avalanche,6
Trøndelag,6
image,6
signs,6
habit,6
opener,6
broke,6
accept,6
Monday,6
Hills,6
brother,6
wipers,6
carries,6
embarrassing,6
slightly,6
shameful,6
wanting,6
paradox,6
shrieks,6
plays,6
rocking,6
indeed,6
dried,6
businessman,6
clearer,6
Gratia,6
How,6
plena,6
juice,6
stretch,6
Dominus,6
basically,6
tecum,6
spoke,6
invisibly,6
Benedicta,6
tu,6
raining,6
Kyrie,6
mulieribus,6
fold,6
slipped,6
holm,6
Policeman,6
port,6
headlights,6
leads,6
moored,6
aunt,6
longing,6
list,6
pregnant,6
tugs,6
neighbours,6
painful,6
forks,6
sewing,6
study,6
freezing,6
landing,6
monk,6
unknown,6
anxious,6
drags,6
daughter,6
winding,6
recognized,6
As,6
advance,6
message,6
snows,6
total,6
stacks,6
poetry,6
boiling,6
twenty,6
mathematical,6
unbearable,6
wonderful,6
Mound,6
rundown,6
aptitude,6
boys,6
hell,6
incredible,6
shit,6
creation,6
ocean,6
fewer,6
pages,6
singing,6
resurrected,6
sixth,6
rolling,6
chose,6
bay,6
agreement,6
lady,6
wardrobe,6
contact,6
believed,6
Austria,6
unlock,6
Heaven,6
nurse,6
rules,6
snowsuit,6
classroom,6
sugar,6
shame,6
properly,6
ruined,6
crooked,6
shy,6
kissing,6
minister,6
Go,6
firewood,6
cap,6
fry,6
needing,6
deal,6
date,6
settled,6
decorative,6
sailing,6
holy,6
steering,6
invites,6
darling,6
Can,6
stare,5
familiar,5
provincial,5
organized,5
office,5
heavily,5
West,5
filling,5
joined,5
snowstorm,5
critics,5
sells,5
letters,5
lid,5
shared,5
converted,5
bother,5
ringing,5
choice,5
splash,5
knocked,5
jumping,5
wondering,5
pans,5
Then,5
community,5
connected,5
doze,5
errands,5
pattern,5
dear,5
homework,5
parts,5
passing,5
From,5
beforehand,5
poem,5
outbuilding,5
Ora,5
Here,5
cheese,5
grips,5
puddle,5
presses,5
ate,5
unless,5
clumsy,5
buyer,5
daylight,5
recognizes,5
mortis,5
nostr'e6,5
pork,5
calling,5
nights,5
dust,5
torn,5
admissions,5
build,5
everybody,5
penis,5
members,5
lighter,5
necessary,5
runners,5
tablecloths,5
tighter,5
sketching,5
sleeps,5
moments,5
ends,5
press,5
block,5
alarm,5
crack,5
extremely,5
sisters,5
stretched,5
stole,5
finding,5
return,5
damned,5
professor,5
reserve,5
period,5
belong,5
peg,5
wet,5
trouble,5
nicht,5
tall,5
laid,5
metal,5
bin,5
strokes,5
enter,5
letting,5
support,5
cheeks,5
comforting,5
unusual,5
slovenly,5
bar,5
generous,5
kneeling,5
photographs,5
gathered,5
shout,5
instance,5
motion,5
smoker,5
countless,5
Grandpa,5
nervous,5
pink,5
available,5
jerks,5
ponytail,5
believing,5
unexpected,5
spaces,5
climbs,5
steal,5
visited,5
safer,5
stubs,5
pantry,5
saved,5
excuse,5
difficult,5
deserve,5
divorced,5
Since,5
island,5
delirium,5
laughed,5
prepared,5
forcing,5
boil,5
caf'e9s,5
flower,5
goodness,5
wow,5
torment,5
Someone,5
crossed,5
amp,5
east,5
cafeteria,5
Telemark,5
storm,5
hills,5
faces,5
pleasure,5
thanked,5
drawn,5
blackness,5
Ca,5
uses,5
pine,5
keyring,5
resurrection,5
expect,5
nameplate,5
Should,5
interviews,5
ship,5
calmer,5
grief,5
meals,5
convert,5
canvases,5
dumb,5
empties,5
tablecloth,5
equipment,5
His,5
shirt,5
filter,5
nobody,5
fills,5
der,5
drapes,5
fifteen,5
hurt,5
personally,5
Grand,5
any-,5
tide,5
stripes,5
flat,5
strict,5
burn,5
content,5
wipe,5
workshop,5
dying,5
ups,5
eighteen,5
mysterious,5
sharp,5
changes,5
snowflake,5
ballpoint,5
company,5
appointment,5
sock,5
reviews,5
ought,5
naked,5
At,5
landscape,5
gap,5
woken,5
halo,5
unlocked,5
following,5
Noster,5
leading,5
nearby,5
beers,5
stones,5
terror,5
drums,5
birchwood,5
suppose,5
More,5
relatives,5
Nothing,5
gunwale,5
warmer,5
avoid,5
storeroom,5
custom,5
checked,4
widower,4
Innstranda,4
saints,4
stiffly,4
spite,4
downright,4
transfigured,4
DT,4
untie,4
hits,4
bake,4
emphasizing,4
eternal,4
lain,4
waking,4
rise,4
almighty,4
comfortable,4
masses,4
disturbing,4
charcoal,4
hundred,4
Gallows,4
supposedly,4
applied,4
twelve,4
becoming,4
qui,4
mash,4
gather,4
washes,4
Saturday,4
balance,4
Amund,4
swim,4
pause,4
tear,4
belt,4
providence,4
sheep,4
judging,4
swinging,4
bars,4
restaurants,4
hoc,4
send,4
Barn,4
force,4
slate,4
greys,4
Holm,4
jetsam,4
jolt,4
rosemaling,4
splashes,4
skerries,4
added,4
multiply,4
knees,4
nearest,4
quotidianum,4
browns,4
poor,4
Pacem,4
collapsed,4
powerlessness,4
te,4
powerless,4
Even,4
plants,4
tiny,4
Ad,4
matters,4
waits,4
Three,4
dawn,4
display,4
grand,4
serves,4
judge,4
brushed,4
member,4
square,4
slower,4
circles,4
desecrating,4
skip,4
wrapping,4
ex,4
teaching,4
outboard,4
holiday,4
shorter,4
compartment,4
package,4
baggage,4
exceptionally,4
foundation,4
substitute,4
und,4
gable,4
appear,4
remind,4
propped,4
consecration,4
beginning,4
withdraw,4
drops,4
officially,4
booth,4
peacefully,4
kick,4
vegetables,4
snout,4
stares,4
checking,4
collapse,4
Kind,4
lodge,4
blizzard,4
crispy,4
hail,4
scrambled,4
academic,4
graduate,4
calms,4
rowed,4
king,4
uncreated,4
tap,4
spare,4
belonged,4
loved,4
insofar,4
borrowed,4
nodded,4
tucked,4
goddamn,4
honestly,4
flowing,4
padding,4
sniffs,4
firmly,4
remembering,4
palette,4
celebrating,4
chatting,4
touching,4
prices,4
paying,4
emptiness,4
minutes,4
pew,4
Playground,4
History,4
frame,4
schoolbooks,4
consecrated,4
cat,4
national,4
notes,4
Craft,4
farthest,4
kann,4
tempted,4
classes,4
misusing,4
Hill,4
stub,4
napkin,4
predict,4
experience,4
waited,4
mood,4
somebody,4
university,4
spoon,4
menu,4
lectures,4
shouting,4
marker,4
heads,4
bothers,4
delicious,4
original,4
months,4
mile,4
control,4
visibly,4
possibly,4
clearing,4
Oh,4
Ah,4
handy,4
stipends,4
seesaw,4
shall,4
solo,4
complain,4
news,4
self,4
cotidianum,4
motionless,4
recent,4
mugs,4
cod,4
rot,4
divorce,4
straighten,4
Sure,4
Silent,4
sorts,4
truck,4
chalice,4
smile,4
favourite,4
cutting,4
rare,4
slightest,4
spasms,4
constant,4
surface,4
feelings,4
meeting,4
receive,4
collect,4
bridal,4
Courthouse,4
luggage,4
condition,4
bear,4
decides,4
panes,4
Does,4
beating,4
wisdom,4
sips,4
within,4
weekend,4
candles,4
dissolves,4
textbook,4
Midsummer,4
dots,4
pouring,4
fully,4
barns,4
weird,4
lays,4
reaching,4
promised,4
armrests,4
dripped,4
birch,4
bollard,4
sweet,4
showing,4
cause,4
teaches,4
vengeful,4
wraps,4
weakness,4
scraper,4
Hall,4
Artists,4
pen,4
microphone,4
stolen,4
Haugaland,4
wool,4
fields,4
darkest,4
calmly,4
spreading,4
arrived,4
Creed,4
lightness,4
unlike,4
Library,4
thrown,4
flaking,4
rising,4
bothered,4
lonely,4
deepest,4
Answer,4
mike,4
Iesus,4
easiest,4
aged,4
bye,4
farms,4
gifts,4
heir,4
breasts,4
inherited,4
believer,4
charge,4
chops,4
cliff,4
restless,4
gravel,4
bursts,4
Back,4
tires,4
sobbing,4
wondered,4
sentences,3
howling,3
humble,3
false,3
willing,3
farming,3
Tuesday,3
costume,3
leaping,3
choosing,3
rents,3
wild,3
intruding,3
group,3
brave,3
locking,3
brushstrokes,3
mankind,3
Hansen,3
studied,3
ordered,3
taller,3
subjects,3
loss,3
exceptions,3
starboard,3
itsy,3
sake,3
roman,3
quia,3
bitsy,3
dining,3
Catholics,3
renter,3
serving,3
slide,3
replaced,3
sewn,3
glimpses,3
apostles,3
Thursday,3
mixed,3
refills,3
gulps,3
Virgin,3
related,3
humility,3
Aha,3
mountains,3
decision,3
Hello,3
docked,3
rub,3
cleaned,3
general,3
article,3
nineteen,3
chooses,3
sailboat,3
create,3
closely,3
idiot,3
cruise,3
mornings,3
One,3
sunny,3
nichts,3
thump,3
lean,3
shifts,3
thou,3
w'e4re,3
shops,3
bet,3
abyss,3
93Gott'94,3
intersection,3
forced,3
anxiety,3
extent,3
shovelled,3
Really,3
lane,3
cab,3
chat,3
recall,3
For,3
load,3
lighting,3
taxis,3
vanishes,3
vanish,3
Out,3
farmer,3
holidays,3
meam,3
willed,3
stress,3
V,3
Something,3
dropping,3
sandbox,3
aversion,3
nettles,3
rocky,3
halfway,3
contemporary,3
jagged,3
Hisøy,3
armchair,3
dip,3
travelled,3
scrap,3
buoy,3
canopy,3
berth,3
continuing,3
pants,3
oars,3
adding,3
lack,3
Being,3
ceremony,3
lifting,3
continues,3
butt,3
argue,3
stroking,3
weaker,3
jolts,3
rags,3
dial,3
weave,3
chore,3
directions,3
interesting,3
desperate,3
correctly,3
wrinkles,3
leans,3
slippers,3
ear,3
litter,3
basket,3
pairs,3
jumbled,3
dresser,3
heather,3
liking,3
prettier,3
fat,3
Goodbye,3
previous,3
giant,3
inherit,3
storms,3
birthdate,3
rises,3
led,3
tiniest,3
pressure,3
gnawing,3
location,3
opportunity,3
mooring,3
earliest,3
random,3
openings,3
gallerist,3
wipes,3
religious,3
rests,3
mystical,3
nasty,3
crucified,3
eraser,3
cried,3
salvation,3
Russian,3
Bjørgviner,3
builds,3
fault,3
slog,3
purpose,3
reproduction,3
limits,3
studying,3
copy,3
Take,3
fleuve,3
directly,3
stupidity,3
killed,3
forty,3
Satan,3
beside,3
Fall,3
wider,3
nagged,3
kneel,3
pens,3
served,3
tiles,3
bookshop,3
bundle,3
acts,3
Coop,3
hiding,3
finishing,3
mockery,3
helping,3
beach,3
squeeze,3
bows,3
ball,3
cool,3
outstretched,3
robe,3
reeling,3
dances,3
bra,3
washing,3
impatient,3
regrets,3
zipper,3
bloom,3
blow,3
crowd,3
situation,3
sins,3
entryway,3
congregation,3
tidy,3
Almost,3
opposition,3
pension,3
literally,3
wallpaper,3
unique,3
handle,3
series,3
loft,3
strangest,3
conditions,3
tough,3
louder,3
closing,3
stoop,3
exchange,3
homemade,3
perfect,3
Red,3
questions,3
religions,3
contains,3
experienced,3
Hardware,3
dick,3
watches,3
relieved,3
kneels,3
skips,3
withdrawn,3
thirty,3
save,3
screwing,3
collapsing,3
proof,3
stepfather,3
complete,3
sandwiches,3
disappearing,3
regularly,3
yards,3
disgusting,3
context,3
musicians,3
helpful,3
speed,3
filters,3
evident,3
upper,3
glowing,3
sailboats,3
scissors,3
lightly,3
witness,3
witnesses,3
Him,3
universal,3
examine,3
freeze,3
madness,3
faraway,3
crosses,3
addresses,3
farewell,3
approaching,3
slurps,3
bonfire,3
recite,3
fair,3
greyer,3
nonsense,3
shimmering,3
tattooed,3
pinch,3
Hjørdis,3
owner,3
Push,3
folds,3
reminds,3
titles,3
anchor,3
hallway,3
thirst,3
prayed,3
cats,3
aloud,3
booze,3
bureau,3
slams,3
thumping,3
firm,3
Mass,3
fetch,3
lobby,3
bleeding,3
devil,3
apartments,3
rate,3
whom,3
bone,3
relaxed,3
decent,3
visions,3
visual,3
tube,3
unable,3
pronunciation,3
existed,3
terribly,3
tickling,3
bank,3
costs,3
drift,3
believes,3
secret,3
throughout,3
humankind,3
wore,3
brand,3
style,3
diagonally,3
unexpectedly,3
spends,3
oldest,3
stir,3
Communist,3
museums,3
backwards,3
brighter,3
retired,3
Association,3
aaahh,3
weekends,3
flavour,3
sweep,3
Friday,3
inches,3
joking,3
surrounded,3
stem,3
anybody,3
range,3
scattered,3
Nobis,3
smokehouse,3
answered,3
kill,3
ewe,3
snowball,3
heap,3
uneasiness,3
pots,3
prepare,3
primary,3
subject,3
exsilium,3
voices,3
bachelor,3
refrigerator,3
bookshelves,3
although,3
hopeless,3
dared,3
powdery,3
unmarried,3
Get,3
skipping,3
Drawing,3
plan,3
river,3
booms,3
rib,3
fiddlers,3
purse,3
creepy,3
butter,3
breaktime,3
compared,3
crabs,3
hurries,3
sharper,3
loneliness,3
ostende,3
charity,3
With,3
payment,3
worthwhile,3
apprentice,3
racket,3
layer,3
incredibly,3
coincidence,3
precise,3
photos,3
dips,3
maintain,3
destroy,3
invite,3
serious,3
nighttime,3
Papist,3
scribble,3
duty,3
seats,3
trick,3
text,3
Sande,3
to-,3
benches,3
destroyed,3
flips,3
burned,3
wagging,3
uncomfortable,3
See,3
remained,3
papers,3
flutters,3
peel,3
vision,3
scene,2
blossoming,2
Lars,2
thumps,2
ly,2
waters,2
impression,2
nets,2
apology,2
kills,2
pockets,2
waving,2
confectioners,2
backstage,2
healthy,2
descended,2
coconut,2
drum,2
plough,2
mikes,2
remem-,2
generation,2
embers,2
ewig,2
comfort,2
sings,2
lesson,2
swimming,2
scraped,2
Boss,2
hospital,2
dad,2
invitation,2
regret,2
guys,2
glow,2
sucked,2
placed,2
confirm,2
stammering,2
appreciated,2
overwhelmed,2
slanted,2
balls,2
thief,2
bail,2
hi,2
shovelling,2
system,2
crate,2
sneaky,2
impasto,2
toil,2
players,2
blend,2
instruments,2
public,2
tingling,2
stealing,2
tends,2
contrary,2
pisses,2
throat,2
travelling,2
beams,2
unwrap,2
Hertervig,2
noon,2
paging,2
bumping,2
tossed,2
Pier,2
curls,2
crumble,2
criticism,2
understandable,2
pole,2
meatballs,2
watched,2
conceived,2
midnight,2
unlucky,2
Hairdresser,2
tattoos,2
Lady,2
triangle,2
infinitely,2
beggar,2
psychic,2
Storm,2
male,2
sludge,2
quivering,2
revolting,2
sniffing,2
pissing,2
strings,2
unthinkable,2
nags,2
doorbells,2
impossibile,2
mathematics,2
certum,2
Modern,2
god,2
jobs,2
Sorry,2
surprising,2
Police,2
Languages,2
warmed,2
doggy,2
problems,2
grows,2
whereas,2
studded,2
Partner,2
lowest,2
kicked,2
furtively,2
supported,2
toward,2
dice,2
Poor,2
imperceptible,2
coffeepot,2
peek,2
Basement,2
nipple,2
suck,2
goddammit,2
tongues,2
newer,2
hop,2
cave,2
showers,2
overhanging,2
hillside,2
buses,2
eager,2
fcber,2
thickly,2
muddy,2
reputation,2
yell,2
chords,2
wrist,2
Helle,2
Halle,2
expenses,2
errand,2
buyers,2
freely,2
Stein,2
ideas,2
approach,2
wade,2
secretly,2
Lots,2
autopsy,2
steaming,2
dislike,2
marriage,2
annoyed,2
doorframe,2
cared,2
misunderstand,2
rubbing,2
apologize,2
backseat,2
blossom,2
flip,2
huckster,2
confidently,2
album,2
expression,2
collected,2
studies,2
addition,2
education,2
expected,2
mandatory,2
guessed,2
Knoll,2
cow,2
palm,2
dragged,2
prove,2
flow,2
crawlspaces,2
daze,2
tying,2
laps,2
dozed,2
kiosk,2
fists,2
knocking,2
yelping,2
Hush,2
hairdresser,2
stapled,2
vehicle,2
blended,2
saucer,2
chilly,2
rumours,2
solution,2
puppy,2
writings,2
relief,2
coffin,2
underwear,2
Please,2
Thrift,2
section,2
stairwell,2
arrives,2
arranging,2
earflaps,2
sections,2
tended,2
process,2
These,2
conceals,2
endless,2
hiddenness,2
responsible,2
landlady,2
creative,2
begins,2
harvest,2
linens,2
fake,2
furnished,2
deserves,2
curtains,2
stake,2
trimmed,2
rigid,2
Amazing,2
families,2
Soon,2
Plus,2
brothers,2
neatly,2
recommended,2
magnifying,2
toiletries,2
wretch,2
refill,2
Hillside,2
Sein,2
Looks,2
nude,2
flour,2
flames,2
signals,2
cans,2
seemed,2
goods,2
fridge,2
appetite,2
kidding,2
schools,2
terminal,2
item,2
forgetful,2
thawed,2
herring,2
margarine,2
opinions,2
wishes,2
deeper,2
struggling,2
arriving,2
muddled,2
fourteen,2
including,2
library,2
cord,2
connect,2
papist,2
ceiling,2
egg,2
patently,2
acted,2
pepper,2
fashioned,2
licks,2
factor,2
failed,2
pillowcase,2
f'fcr,2
Those,2
sich,2
chop,2
ribbon,2
Agriculture,2
widow,2
actual,2
whitewashed,2
selbst,2
unzips,2
das,2
onion,2
trapped,2
v'f6llig,2
iron,2
cast,2
service,2
fassen,2
complained,2
sizzling,2
curled,2
slinking,2
stretches,2
chunk,2
blast,2
digits,2
rots,2
united,2
introduced,2
soldier,2
thumbtacks,2
hunger,2
Illos,2
Advocata,2
ergo,2
cups,2
swell,2
slapped,2
While,2
dreading,2
expecting,2
roses,2
talker,2
smeared,2
Eia,2
misericordes,2
valle,2
lacrimarum,2
underneath,2
Bye,2
hac,2
flentes,2
marry,2
Gementes,2
exciting,2
exhibit,2
July,2
suspiramus,2
drip,2
Sometimes,2
tuos,2
Europe,2
rusty,2
echoes,2
porch,2
effort,2
received,2
jealous,2
Virgo,2
Bjørgvinner,2
dulcis,2
smears,2
pia,2
clemens,2
squeezes,2
shitty,2
silverware,2
rips,2
unspoken,2
beats,2
fructum,2
loom,2
ruin,2
looms,2
bookcase,2
singer,2
Iesum,2
ribbons,2
lent,2
converte,2
bluish,2
oculos,2
fucker,2
chasing,2
Hev'e6,2
bedrooms,2
chew,2
truer,2
watercolours,2
flotsam,2
managing,2
Flotsam,2
outright,2
Asle'll,2
Be,2
plank,2
mistakes,2
putty,2
loan,2
shaky,2
existing,2
startled,2
gratitude,2
sheet,2
erase,2
Bookshop,2
suspenders,2
rude,2
nodding,2
schedule,2
simultaneous,2
meets,2
remains,2
lopsided,2
utterly,2
creeping,2
invited,2
jog,2
shocked,2
bulletin,2
naturally,2
handbag,2
swaying,2
leaf,2
muffled,2
Labour,2
Office,2
teach,2
filii,2
nailed,2
Exsules,2
clamamus,2
hues,2
salve,2
decisions,2
spes,2
Fear,2
islands,2
foolish,2
dulcedo,2
Vita,2
misericordi'e6,2
access,2
version,2
islets,2
reefs,2
holms,2
Eucharist,2
modern,2
lend,2
separates,2
therefore,2
nameplates,2
loop,2
destructive,2
Six,2
sighs,2
closet,2
listens,2
custodian,2
super,2
wives,2
relative,2
traffic,2
bill,2
ploughed,2
mystery,2
winks,2
relieve,2
bound,2
Christianity,2
loser,2
wandering,2
position,2
yeahh,2
parks,2
blankly,2
disrespecting,2
exams,2
dancing,2
portraits,2
burners,2
allow,2
finest,2
piles,2
adults,2
howls,2
altogether,2
terms,2
wished,2
Never,2
yearning,2
sparkling,2
onboard,2
religion,2
miles,2
rotten,2
choppy,2
landlubber,2
taxi'll,2
ashore,2
dammit,2
harbour,2
Whom,2
liturgy,2
fisherman,2
graveyard,2
Thee,2
remembered,2
Nearer,2
drying,2
currents,2
ices,2
landed,2
unconscious,2
hoped,2
distracting,2
refuses,2
Hid,2
Aaahh,2
converting,2
apologizes,2
pumps,2
printed,2
gentleman,2
newly,2
store,2
slaughtered,2
carved,2
repainting,2
glows,2
daytime,2
rains,2
rack,2
mattered,2
camera,2
pops,2
Accipite,2
Every,2
Christi,2
explained,2
events,2
icy,2
hotels,2
ages,2
tradition,2
gathering,2
equally,2
Apostles,2
slogging,2
omnes,2
suitcases,2
Hoc,2
enim,2
flows,2
multiplying,2
folly,2
Papa,2
confident,2
spiritual,2
fluttering,2
talented,2
pressed,2
memorized,2
petting,2
preferably,2
delivery,2
Everyone,2
Newsstand,2
alley,2
nook,2
knit,2
preach,2
size,2
dusk,2
miracle,2
absorbed,2
puffing,2
squats,2
blown,2
scaredy,2
neighbouring,2
receiver,2
youth,2
Drop,2
everlasting,2
creator,2
Probably,2
Nordic,2
Sweden,2
tiring,2
Denmark,2
hoping,2
bits,2
undivided,2
fingertips,2
panelling,2
nature,2
laws,2
trust,2
heavens,2
alleys,2
literal,2
safely,2
cautious,2
idol,2
Were,2
clogged,2
lifted,2
tune,2
creates,2
fits,2
checks,2
fairies,2
imagines,2
fragile,2
fir,2
Autumn,2
disturb,2
dreaded,2
roast,2
sparkle,2
fifty,2
immediately,2
absence,2
supports,2
presence,2
mere,2
pitch,2
season,2
blackest,2
blocks,2
smallest,2
conscience,2
mute,2
cows,2
hated,2
animals,2
lasted,2
tore,2
interest,2
Stop,2
clothing,2
ferries,2
followed,2
event,2
statue,2
terrors,2
tremens,2
beneath,2
railing,2
task,2
picking,2
mission,2
elementary,2
field,2
cliffsides,2
quay,2
blows,2
mirrored,2
grounds,2
Berlin,2
depends,2
repeats,2
steers,2
self'adevident,2
cabinet,2
Horda,2
emphasis,2
respect,2
ability,2
phrase,2
enjoyed,2
forming,2
topic,2
St.,2
cords,2
cork,2
sum,2
formed,2
baking,2
summers,2
rinse,2
divine,2
hitches,2
shapes,2
game,2
bearable,2
begun,2
positive,2
memories,2
festive,2
merry,2
adds,2
indoors,2
flurry,2
narrowest,2
tyres,2
passages,2
uncle,2
annual,2
fellow,2
shift,2
dinners,2
sailors,2
behaviour,2
helpless,2
visits,2
contradict,2
blowing,2
golden,2
recovered,2
Cheers,2
clink,2
pints,2
relax,2
oppositorum,2
greater,2
coincidentia,2
assume,2
delight,2
weighed,2
sail,2
refuse,2
someplace,2
sorrows,2
tyre,2
player,2
stepped,2
deserving,2
packs,2
morrow,2
Wo,2
Everything,2
yelling,2
manner,2
stinginess,2
sausage,2
Canon,2
wise,2
highest,2
scream,2
odd,2
hilltop,2
souls,2
trouser,2
wings,2
runner,2
colourful,2
stamp,2
Regional,2
Products,2
unsteady,2
gigs,2
instant,2
melt,2
dissolving,2
beauty,2
stock,2
wonders,2
rained,2
ulterior,2
nursery,2
copied,2
Name,2
mei,2
isolated,2
drawer,2
cuts,2
insight,2
nose,2
settles,2
truest,2
lowering,2
frail,2
detail,2
shyly,2
omnipotence,2
Sicut,2
deny,2
regain,2
health,2
edges,2
breadbox,2
intelligence,2
poverty,2
involved,2
soil,2
modestly,2
reasons,2
Especially,2
thrifty,2
breaking,2
reasonably,2
referred,2
hospice,2
knowledge,2
den,2
righthand,2
amazing,2
include,2
urgent,2
sets,2
tray,2
writers,2
Ungeborenheit,2
classics,2
unfortunately,2
meiner,2
Antiquariat,2
Holberg,2
described,2
annoys,2
nonstop,2
ending,2
priced,2
tenth,2
grade,2
gentle,2
Swedish,2
Word,2
Danish,2
flying,2
foreign,2
oneness,2
Glad,2
conversation,2
photographer,2
Time,2
patch,2
eleven,2
warning,2
ashes,2
pears,2
Actually,2
patterned,2
straps,2
collar,2
coats,2
burst,2
laughter,2
skull,2
enormous,2
frames,2
clutching,2
dreaming,2
broad,2
picturing,2
wreaths,2
observation,2
strikes,2
heirs,2
draped,2
wheeled,2
hearts,2
relaxes,2
alongside,2
spits,2
glittering,2
private,2
ladies,2
avoids,2
punishment,2
vengeance,2
tend,2
mirror,2
poured,2
despairing,2
proclaim,2
twisted,2
kisses,2
cheaper,2
writhing,2
Weise,2
toothpaste,2
toothbrush,2
SecondHand,2
proposed,2
beds,2
IV,2
carrot,2
twisting,2
swig,2
nach,2
sweetheart,2
whines,2
childless,2
Blessed,2
creed,2
thee,2
net,2
Full,2
cry,2
primus,2
ash,2
fight,2
uneasy,2
chuckles,2
Ghost,2
Imagine,2
Hail,2
womb,2
wiped,2
disturbed,2
galleries,2
ships,2
Gloria,2
amazingly,2
polite,2
concert,2
clapping,2
ours,2
translation,2
blessed,2
be-,2
exception,2
interviewed,2
lose,2
bark,2
competition,2
earthly,2
Rome,2
audience,2
culture,2
longest,2
routes,2
glory,2
protect,2
sinners,2
drinker,2
backed,2
fourth,2
trim,2
relinquo,2
Peace,2
goodnight,2
assigned,2
competing,2
auch,2
weddings,2
fed,2
wax,2
taps,2
crash,2
Pray,2
portion,2
struggle,2
screwed,2
throwing,1
images,1
disagreement,1
hallowed,1
dependable,1
puffy,1
clattering,1
City,1
thirtsy,1
dries,1
bridge,1
blessing,1
Twice,1
tow,1
dort,1
journalists,1
sein,1
muss,1
Ordnung,1
wailing,1
vacationing,1
metaphorical,1
withdraws,1
porthole,1
rim,1
journalist,1
fragments,1
interpreting,1
trip'll,1
queasy,1
astern,1
growling,1
bender,1
billows,1
wrinkled,1
takedown,1
shipshape,1
restaurant,1
griping,1
scratching,1
shits,1
skerry,1
manoeuvre,1
onwards,1
waxed,1
war,1
skippers,1
chuckled,1
appeared,1
sacred,1
passengers,1
cohabitate,1
stance,1
hunching,1
whatsoever,1
tricky,1
knack,1
Crowds,1
stowed,1
91Fear,1
weeping,1
trunks,1
fix,1
onedayIcangooverthereandwaxitandfixitup,1
charts,1
pegs,1
inland,1
arc,1
challenging,1
coiled,1
blends,1
rounded,1
hides,1
Must,1
awakens,1
insulting,1
scares,1
irritates,1
coils,1
somewhat,1
dumped,1
strongly,1
punch,1
disappointed,1
Real,1
talents,1
accurately,1
Bishop,1
Germans,1
nave,1
craves,1
aisle,1
oddly,1
tooth,1
Sounds,1
whimpering,1
throne,1
whimpers,1
insanely,1
twinkles,1
slam,1
unreasonable,1
brighten,1
messy,1
declines,1
vanishing,1
easels,1
mildly,1
celebratory,1
encounter,1
mountaintops,1
resistance,1
snowcaps,1
teased,1
glassy,1
smooth,1
generally,1
prudish,1
yacht,1
confirms,1
shovel,1
column,1
pianist,1
Believed,1
skilled,1
division,1
arrangement,1
separation,1
offering,1
delighted,1
collectedness,1
coil,1
remarkable,1
elevation,1
hammers,1
thumbs,1
shoves,1
indivisibly,1
nowit'stimeformetogooutondeckandIhavetojustdo,1
luxury,1
exhaust,1
whippersnapper,1
concepts,1
theories,1
tolerate,1
treat,1
deserted,1
snuck,1
traitor,1
robbed,1
glassess,1
suggested,1
hurrying,1
eyebrows,1
brains,1
irregular,1
rapid,1
docking,1
attempting,1
clings,1
quicker,1
pursued,1
realities,1
exhib-,1
chock,1
undamaged,1
legal,1
shingles,1
mystics,1
splendidly,1
commemorationem,1
hush,1
contain,1
whispering,1
eternally,1
dashes,1
anytime,1
tograph,1
faithful,1
pho-,1
effundetur,1
wealthier,1
semicircle,1
ink,1
losing,1
facite,1
woodwork,1
peccatorum,1
under-,1
remissionem,1
temperance,1
fice,1
argued,1
Middle,1
grandma,1
sharpest,1
Ages,1
preparing,1
misused,1
fidei,1
Worte,1
seesaws,1
Mysterium,1
damage,1
Dinge,1
keinem,1
begreifen,1
niemand,1
play-,1
greying,1
An,1
hire,1
ishes,1
wissen,1
report,1
Mensch,1
flush,1
vain,1
go-,1
IaskiftheyhavearoomfreeandIsaythatismyusual,1
reluctantly,1
transformed,1
of-,1
outer,1
recited,1
loosely,1
novi,1
corpus,1
lever,1
Beckett,1
Samuel,1
stories,1
rummaging,1
butts,1
meum,1
quod,1
openfaced,1
sanguinis,1
tradetur,1
Next,1
gulped,1
asunder,1
transformation,1
glide,1
bibite,1
registers,1
eo,1
wal-,1
Hic,1
calix,1
sails,1
shouldebag,1
Georg,1
Trakl,1
translations,1
e6terni,1
drained,1
skids,1
pronounce,1
sewed,1
multis,1
testamenti,1
sentence,1
tub,1
zinc,1
transfer,1
bathed,1
enemy,1
heated,1
arguing,1
tremems,1
burglary,1
outhouse,1
warehouse,1
fired,1
mumble,1
persona,1
loaf,1
bookshops,1
housewares,1
manducate,1
excellent,1
lifelong,1
print,1
spins,1
dryer,1
tug,1
thicker,1
Parlor,1
scrapers,1
knee,1
unroll,1
chart,1
witches,1
henchmen,1
repainted,1
aid,1
Corpus,1
cohabitating,1
vobiscum,1
wears,1
includes,1
cosily,1
desks,1
fights,1
property,1
cramped,1
darkens,1
execution,1
Woodshed,1
bladder,1
tumbles,1
pronounces,1
distaste,1
Sed,1
totality,1
entirety,1
crowds,1
fragmentary,1
scrunch,1
greeting,1
vanished,1
blackboard,1
bonfires,1
blacksmith,1
weekly,1
instructor,1
glazed,1
spared,1
opposites,1
escape,1
wags,1
Coffee,1
sweaty,1
symbol,1
paradoxical,1
contradictory,1
paralyzing,1
logic,1
trinity,1
clients,1
arrange,1
Prayer,1
dissertation,1
Scandinavian,1
novels,1
cards,1
Pax,1
professors,1
precision,1
bankbook,1
John,1
noticeable,1
expert,1
concentration,1
catches,1
quitting,1
smelled,1
required,1
transcendent,1
immanent,1
distracted,1
accurate,1
oneself,1
borderline,1
needle,1
metaphorically,1
lessons,1
interpreted,1
pin,1
major,1
christe,1
Patmos,1
savingsaccount,1
stuffy,1
selber,1
kyrie,1
deadly,1
By,1
tre-,1
cupboards,1
lectern,1
dutiful,1
bitty,1
bulle-,1
semper,1
celebrated,1
learning,1
housemates,1
quoted,1
towns,1
Vestland,1
rattle,1
histories,1
Easter,1
abroad,1
expressions,1
mens,1
Domini,1
executions,1
characteristics,1
fin-,1
shelves,1
courses,1
eminent,1
advantage,1
moral,1
rested,1
economic,1
trembles,1
inheritance,1
rereads,1
foremost,1
recognition,1
Mama,1
boiled,1
paintbrush,1
diluted,1
solely,1
flipping,1
breakneck,1
suspiciously,1
pop,1
werde,1
glued,1
Kiosk,1
hairtie,1
limping,1
jetzt,1
divide,1
applying,1
weighs,1
trash,1
lanes,1
carefree,1
hallandpickupthephoneandIholdittomyearandIsee,1
confusedly,1
catheter,1
peeing,1
sixty,1
Italy,1
gewesen,1
Kneaded,1
departed,1
law,1
tests,1
technically,1
erases,1
applies,1
dragons,1
rental,1
aground,1
faked,1
braid,1
kneaded,1
test,1
livable,1
choir,1
intravenously,1
Cathedral,1
unhappy,1
based,1
atonement,1
organ,1
opposed,1
introduce,1
pose,1
seconds,1
everyday,1
weekdays,1
forgiven,1
graduating,1
storing,1
attracted,1
lightbulbs,1
fishery,1
seated,1
ascended,1
Pilate,1
sheltering,1
Pontius,1
suffered,1
owners,1
scripture,1
distinguish,1
encompassing,1
blasphemous,1
judged,1
Sigve'll,1
tasty,1
utmost,1
vanload,1
ye,1
treetops,1
bleiben,1
finite,1
planet,1
thousand,1
pondered,1
overpainting,1
snapped,1
annihilation,1
type,1
forgiveness,1
blame,1
pointless,1
Grand-,1
orders,1
mild,1
lest,1
disturbs,1
scaring,1
terrified,1
schoolchildren,1
ineptum,1
leap,1
credibile,1
weightless,1
Bet,1
translate,1
tattoo,1
regards,1
townhouse,1
requirement,1
alike,1
rubbish,1
doxology,1
demand,1
stuttering,1
thinkable,1
sinning,1
Jews,1
millions,1
exterminate,1
Eilev,1
congratulates,1
inconceivable,1
touches,1
faint,1
toils,1
ofthecrossattheendandImakeasignofthecrossandI,1
rowboats,1
sterns,1
attach,1
untied,1
whites,1
frightened,1
definite,1
cognac,1
Vienna,1
chambermaid,1
Hainburg,1
Donau,1
scolded,1
refused,1
civil,1
medical,1
alleyway,1
sheepfarmer,1
alleyways,1
Utvik,1
cosiest,1
Agricultural,1
visitor,1
screamed,1
hurried,1
underpants,1
Andreas,1
proving,1
tormenting,1
thanking,1
colder,1
emptied,1
transformations,1
whisky,1
artworks,1
congratulated,1
ungeboren,1
Alse,1
necessarily,1
dialogue,1
copies,1
niemals,1
Nursing,1
invalidated,1
cycle,1
artificial,1
banished,1
regulars,1
crumbles,1
reborn,1
climbers,1
ourselves,1
penance,1
confession,1
mediates,1
material,1
distinct,1
represents,1
chatty,1
allotted,1
enrol,1
IthinkandIlookatmywatchandwhenIdo,1
certificate,1
courtyard,1
sterben,1
exaggerate,1
hosting,1
needtodoit,1
crackle,1
Dinner'll,1
sizzle,1
foods,1
imitator,1
imitators,1
worldly,1
inedible,1
Nietzsche,1
Friedrich,1
agreeing,1
fairly,1
tacks,1
steams,1
machine,1
offended,1
dishtowel,1
dishtowels,1
courage,1
secretaire,1
seventy,1
Women,1
chicken,1
handwriting,1
hag,1
Seriously,1
Mondays,1
dialects,1
cushions,1
European,1
transitions,1
harm,1
affordable,1
degree,1
housewife,1
lawyer,1
greeted,1
rural,1
Cafeteria,1
Finally,1
Literature,1
meanwhile,1
Am,1
humanities,1
fooling,1
sincerely,1
poet,1
bered,1
strakes,1
angles,1
blank,1
wonder-,1
mattress,1
ful,1
waiter,1
tender,1
specific,1
bending,1
gingerly,1
NEW,1
NAME,1
91Just,1
genius,1
nip,1
settle,1
fainter,1
promises,1
Gradually,1
occasion,1
try-,1
toss,1
pumped,1
haunches,1
sized,1
divorces,1
clears,1
'em,1
scoops,1
gestures,1
melted,1
predetermined,1
actions,1
thermos,1
worrying,1
n'e4mlich,1
highly,1
awfully,1
Unbelievably,1
accidental,1
unclearly,1
illegible,1
appreciates,1
generations,1
select,1
Gottes,1
collectors,1
crook,1
assumed,1
roomy,1
out-,1
blushes,1
beaten,1
Same,1
divides,1
lasting,1
skin,1
splayed,1
appearance,1
dreamland,1
rounds,1
allem,1
Soitis,1
sermon,1
Isay,1
unmoored,1
bang,1
coffees,1
refusal,1
brandishing,1
exhibits,1
vary,1
stank,1
educated,1
reversed,1
tart,1
afar,1
hack,1
trims,1
perfume,1
dues,1
unevenly,1
trimming,1
strands,1
trimmer,1
membership,1
active,1
garden,1
mistaken,1
thinner,1
brownish,1
separately,1
liar,1
increase,1
prestigious,1
slushy,1
hollow,1
simi-,1
tremendous,1
Steep,1
motive,1
soaking,1
fitting,1
lar,1
graves,1
territory,1
babbling,1
hitch,1
crochet,1
chores,1
feminine,1
arrested,1
jail,1
cakes,1
sobering,1
Romantic,1
drinkable,1
setting,1
idle,1
runaways,1
handcuffed,1
aftertaste,1
tipsy,1
wins,1
trial,1
Chess,1
pillows,1
neutral,1
resembling,1
vomiting,1
puff,1
exchanged,1
postal,1
Jugendstil,1
Unterschiedenheit,1
grandfather,1
mails,1
correspondence,1
latest,1
hostess,1
freshly,1
crime,1
admiration,1
Unity,1
lately,1
happyland,1
windowpane,1
steamships,1
smacks,1
Lies,1
gusts,1
advanced,1
hairs,1
aller,1
fraud,1
shuffling,1
hugging,1
scorn,1
pictured,1
cathedral,1
arrival,1
cell,1
cells,1
drawers,1
Borch,1
streetcorner,1
tongue,1
unsure,1
guilty,1
IDs,1
staircase,1
basins,1
predestined,1
accident,1
aft,1
bodies,1
starve,1
hearty,1
void,1
committed,1
People,1
Milk,1
funny,1
whiter,1
straightforward,1
harmony,1
useful,1
prays,1
shalt,1
stating,1
distances,1
childbirth,1
proximities,1
spiritualized,1
undifferentiating,1
loses,1
torturing,1
sting,1
sore,1
span,1
inaudible,1
thinker,1
mastered,1
comprehend,1
spick,1
slinks,1
homeroom,1
senses,1
blush,1
cleaning,1
leaned,1
tidying,1
Packing,1
Congratulations,1
catching,1
toddling,1
groans,1
transfiguration,1
glimmer,1
pullovers,1
threatens,1
eucharist,1
moans,1
conduct,1
intentionally,1
sacraments,1
jenem,1
fasting,1
repentance,1
comprehensibly,1
existence,1
fare,1
cease,1
connects,1
Rettende,1
burns,1
freed,1
judgment,1
irrational,1
youngest,1
unclear,1
chattered,1
Nah,1
w'e4chst,1
Gefahr,1
aber,1
zu,1
schwer,1
homeless,1
lawn,1
anger,1
inaudibly,1
rummage,1
Hey,1
insulted,1
cares,1
forgives,1
mooning,1
celebration,1
peeled,1
mix,1
granted,1
garbage,1
sharing,1
shrinks,1
acting,1
visor,1
softer,1
eyelids,1
gears,1
overcooked,1
peak,1
fade,1
outermost,1
juicy,1
steam,1
cooker,1
chit,1
pillbox,1
Around,1
VII,1
sweater,1
shh,1
washstand,1
aback,1
mailboxes,1
rumbling,1
continuous,1
versa,1
notepad,1
positions,1
similarity,1
banknotes,1
concealing,1
vice,1
ar-,1
glances,1
reveals,1
comprehensible,1
layered,1
slob,1
flaring,1
mowed,1
career,1
stumbling,1
rutabaga,1
hotplate,1
abilities,1
protecting,1
slab,1
snowdrifts,1
surge,1
Scared,1
mailbox,1
according,1
consideration,1
things'll,1
grandmother,1
loaning,1
scraggly,1
indulges,1
Midnight,1
upwards,1
andthenItakearightandIwalkforabitandthenItake,1
gait,1
bartender,1
swallows,1
um,1
dandy,1
exhale,1
switched,1
defence,1
clinging,1
stormy,1
extends,1
prick,1
security,1
Delicious,1
overboard,1
captain,1
believers,1
psalm,1
sing,1
wobbly,1
asformeIjustwantacupofcoffee,1
beerandashotforhim,1
Yesterday,1
toppled,1
snowy,1
concentrating,1
debuted,1
unsold,1
Olso,1
located,1
quickest,1
squint,1
conscious,1
onward,1
slipping,1
notion,1
stagger,1
crumples,1
collapses,1
wean,1
gathers,1
struggles,1
seas,1
standng,1
reduces,1
Rescue,1
listed,1
Divorced,1
exwives,1
dials,1
someone'll,1
procedure,1
complains,1
Animal,1
handyman,1
drowsily,1
loudest,1
threatening,1
protective,1
gloves,1
fumbles,1
permitted,1
scrubbed,1
buffet,1
ah,1
Serious,1
receipt,1
glance,1
birthdays,1
relations,1
Flora,1
eldest,1
swoop,1
reserved,1
rectangle,1
percolator,1
warms,1
gosh,1
mouthful,1
mediumlength,1
amazed,1
Ground,1
calculate,1
handing,1
note,1
dreamy,1
ditch,1
staggering,1
hurtling,1
erratic,1
burden,1
recluse,1
hermit,1
disgusts,1
unscrews,1
glassful,1
spilling,1
gentleness,1
packaged,1
brief,1
handful,1
pellets,1
clutched,1
slot,1
emptily,1
intoxication,1
level,1
liquid,1
quarter,1
nuisance,1
lence,1
si-,1
puttered,1
splinters,1
sweeping,1
inexorably,1
sliding,1
avalanches,1
nearly,1
splendid,1
spinster,1
winters,1
shed,1
eaves,1
lobsters,1
woods,1
mainly,1
Town,1
poets,1
pearls,1
laziness,1
hands'll,1
calmed,1
weights,1
lovely,1
haughty,1
disgraceful,1
sheer,1
cowardly,1
unthinking,1
semicircles,1
dreamt,1
Beautiful,1
About,1
disposal,1
mittens,1
ducks,1
swallowed,1
occupied,1
rushing,1
Until,1
particularly,1
uneven,1
genuinely,1
represent,1
melancholy,1
schooldays,1
impenetrable,1
schoolbook,1
wonderfully,1
compare,1
wallets,1
quarters,1
taped,1
tape,1
bicycles,1
'Cause,1
pushchairs,1
Some,1
yard,1
shaft,1
booked,1
stupidly,1
alarmed,1
transportation,1
fussing,1
crumb,1
hopping,1
burows,1
ness,1
risk,1
recommend,1
dog'll,1
arrow,1
Goodnight,1
bobs,1
curse,1
myselfandItakearightandIseeonadoorandIgo,1
unto,1
installation,1
profession,1
craft,1
noble,1
affected,1
physically,1
prevents,1
tradesman,1
idioms,1
busi-,1
Ye,1
dwell,1
teetotaler,1
moodiness,1
sadness,1
balanced,1
earned,1
Gimle,1
gig,1
screeches,1
upstanding,1
tunes,1
unpleasant,1
contest,1
stool,1
flew,1
applause,1
witnessed,1
heavenly,1
forces,1
weaning,1
occasionally,1
Bokm'e5l,1
venture,1
teary,1
illustrators,1
expiration,1
entertainment,1
purely,1
commercial,1
lodges,1
flashes,1
emerge,1
thoughtful,1
pinching,1
streams,1
merge,1
tenderness,1
adjacent,1
backyard,1
crumbling,1
guiding,1
gasping,1
saving,1
penny,1
stately,1
presume,1
Public,1
dictionaries,1
memorize,1
mechanically,1
clearest,1
intercession,1
specifically,1
agitated,1
meekly,1
modest,1
linked,1
result,1
lacking,1
destitute,1
dire,1
peacock,1
scatter,1
winds,1
shyness,1
alcoholic,1
staggered,1
holes,1
leaps,1
countries,1
Iceland,1
Faroe,1
Islands,1
Finland,1
flooding,1
floods,1
prediction,1
reckless,1
tested,1
testing,1
predictions,1
unfamiliar,1
inevitable,1
paths,1
explanation,1
glimpse,1
alert,1
arrive,1
wheezing,1
inquisitive,1
muzzle,1
bath,1
hunch,1
dogshit,1
Pretty,1
whiteness,1
Tomorrow,1
Many,1
responsibility,1
panting,1
society,1
collector,1
spots,1
Great,1
uncertainly,1
wintry,1
march,1
ploughing,1
snowfall,1
uselessly,1
Will,1
sews,1
prints,1
techniques,1
acrylic,1
released,1
design,1
suggests,1
Still,1
admires,1
sew,1
resembled,1
trudging,1
won,1
contests,1
overdoing,1
supporting,1
headed,1
pity,1
drinkers,1
sculpture,1
trudge,1
Square,1
conventions,1
claim,1
cranny,1
deed,1
originally,1
region,1
crafts,1
chattering,1
conferences,1
gatherings,1
doubting,1
intimidated,1
awe,1
conversations,1
admire,1
specialized,1
sculptures,1
overwhelming,1
masterpiece,1
smashing,1
tumbled,1
ings,1
glimmers,1
Naughty,1
pull-,1
continue,1
sightedness,1
regularity,1
striking,1
buttons,1
sprinkles,1
hips,1
tousled,1
'cause,1
buckets,1
shack,1
thoroughly,1
Yup,1
Through,1
headrest,1
laudes,1
matins,1
clothes'll,1
sandy,1
stroll,1
Could,1
shaped,1
tufts,1
soaring,1
mov-,1
Regular,1
heartbeats,1
tilt,1
astride,1
Visit,1
revive,1
hesitates,1
continuation,1
sulky,1
describe,1
steeper,1
sharply,1
weakly,1
base,1
sextus,1
vespers,1
decades,1
wordlessly,1
Fili,1
Miserere,1
peccatoris,1
forefinger,1
dreamed,1
unreal,1
illuminated,1
insurmountable,1
draught,1
Domine,1
carpenter,1
measure,1
redo,1
pony,1
concentrate,1
bounding,1
engines,1
stamped,1
Iesu,1
sinner,1
groups,1
Lumine,1
necklace,1
Marias,1
Patri,1
varies,1
Apostolic,1
Nicene,1
Lumen,1
de,1
visibilium,1
syllable,1
omnium,1
invisibilium,1
intercessions,1
nomine,1
Patris,1
Filii,1
Spiritus,1
Sancti,1
unmanly,1
Nowhere,1
boathouses,1
drifts,1
pads,1
pencils,1
Shining,1
Darkness,1
accuse,1
requires,1
foolishly,1
dipped,1
virtue,1
Socialist,1
confronted,1
divinity,1
fiction,1
drama,1
arts,1
frittering,1
friendship,1
Supply,1
circle,1
heaviness,1
bodily,1
illumination,1
Their,1
approximately,1
noticeably,1
oblong,1
shovels,1
embarassed,1
bills,1
Waves,1
Beat,1
Message,1
sweeps,1
stores,1
bisected,1
rows,1
midline,1
wharf,1
couch,1
longs,1
circling,1
kneads,1
solitary,1
irreplaceable,1
Aahhh,1
soars,1
flapping,1
squealing,1
shriek,1
flings,1
amplifies,1
Faster,1
hoarse,1
Yeahhh,1
welled,1
horribly,1
breathlessly,1
Pull,1
hightest,1
hurls,1
Yeahhhhh,1
width,1
swing-,1
absurd,1
overwhelm,1
grasp,1
flagstone,1
inexpressible,1
agony,1
popping,1
contexts,1
duplicate,1
resembles,1
inseparable,1
odder,1
bushes,1
unshakable,1
expectation,1
haunted,1
miserable,1
bursting,1
choke,1
breaths,1
overpowers,1
nonetheless,1
lookout,1
boggy,1
ancient,1
bare,1
embroidered,1
hinted,1
motives,1
virtuoso,1
hum,1
haw,1
Voss,1
Christmastime,1
provided,1
soaked,1
lye,1
skinned,1
salted,1
nap,1
fortunately,1
rip,1
hay,1
stalls,1
straw,1
earn,1
preferred,1
superstitious,1
weather'd,1
sailed,1
stall,1
ideally,1
damages,1
fours,1
needlenose,1
pliers,1
gale,1
bam,1
hint,1
cursed,1
lazy,1
rocked,1
bobbed,1
crashed,1
complaining,1
steered,1
fickle,1
incomprehensibly,1
sweat,1
cooling,1
biting,1
rectangular,1
drippy,1
matching,1
saviour,1
Fishing,1
upside,1
undertakes,1
namely,1
landmarks,1
universe,1
seamarks,1
qualities,1
clarity,1
realizing,1
amounted,1
churchyard,1
respectable,1
solitude,1
unusually,1
devils,1
beards,1
appears,1
dishevelled,1
jewellery,1
Human,1
miraculously,1
newborn,1
blacker,1
hopelessness,1
illegitimate,1
unbreakable,1
conquer,1
successfully,1
limit,1
sustaining,1
Himself,1
AM,1
paradoxes,1
vertical,1
horizontal,1
motors,1
91Inste,1
jord,1
practical,1
sevens,1
shifted,1
chatted,1
notebooks,1
paralysed,1
stirred,1
froze,1
fishes,1
pinewood,1
multiplication,1
crouch,1
brightest,1
brilliant,1
sunshine,1
local,1
schoolhouse,1
classrooms,1
clung,1
twos,1
patient,1
fused,1
year'll,1
sinfulness,1
pious,1
launch,1
sud-,1
godforsaken,1
grabbed,1
prom-,1
ise,1
squirms,1
percents,1
fore,1
repeated,1
heave,1
arguments,1
simplest,1
classmates,1
subtract,1
dividing,1
fuses,1
cling,1
Sygnef,1
al-,1
dealing,1
clicks,1
teenager,1
weighing,1
framed,1
Devil,1
door-,1
Anything,1
begged,1
horse,1
annoy,1
figured,1
carve,1
flaked,1
salts,1
insists,1
salting,1
inlet,1
arse,1
realistic,1
kit,1
T,1
tool,1
mixing,1
included,1
astounded,1
Tidemand,1
Gude,1
amazement,1
miracles,1
copying,1
upset,1
exceptional,1
restrain,1
hummed,1
hawed,1
Hardanger'ad,1
violating,1
degrading,1
roughly,1
stabbing,1
whisper,1
stroked,1
switches,1
Other,1
Fuck,1
guitarists,1
shove,1
bloody,1
respond,1
Heard,1
flight,1
ladder,1
due,1
despises,1
despise,1
hovel,1
celebrates,1
verge,1
dilapidated,1
hesitantly,1
upright,1
blurts,1
Apart,1
bum,1
Shut,1
pounding,1
theirs,1
tingled,1
wellbeing,1
speakers,1
split,1
accordion,1
Everything'll,1
passable,1
cymbals,1
huh,1
guitars,1
bandmates,1
bangs,1
resounds,1
Say,1
Pictures,1
Sound,1
upon,1
gesturing,1
wits,1
smoothly,1
pretends,1
utensils,1
spoons,1
belonging,1
deceased,1
memorable,1
adolescence,1
acceptable,1
messes,1
boatbuilder,1
socks,1
cultivating,1
lacked,1
re-,1
layers,1
folding,1
crossways,1
Oof,1
gruffly,1
shirts,1
valid,1
indicators,1
biking,1
reverses,1
creeps,1
pale,1
congratulations,1
Guess,1
Foolishness,1
Spending,1
tensely,1
swerve,1
Protestant,1
bike,1
personal,1
belongings,1
bracket,1
lamps,1
unscrewed,1
armchairs,1
adjoining,1
Sundays,1
ter,1
pressing,1
af-,1
tallow,1
waist,1
tips,1
retuck,1
plans,1
blizzards,1
slick,1
driest,1
earlyish,1
planing,1
Bjørgvinners,1
warming,1
intersecting,1
solidly,1
confusing,1
jolting,1
prods,1
prodded,1
sipping,1
climbed,1
thistle,1
sow,1
redcurrants,1
arettes,1
peering,1
pitterpattered,1
jars,1
preserved,1
plums,1
apples,1
gooseberries,1
towel,1
alpine,1
flickering,1
smashed,1
artery,1
glinting,1
transparent,1
soothing,1
clothed,1
shallow,1
gliding,1
titling,1
scoffing,1
leaped,1
flake,1
flagpole,1
flag,1
magic,1
lantern,1
tearing,1
distortion,1
herd,1
sunrise,1
shaved,1
sunset,1
bounds,1
Nope,1
practises,1
tuning,1
figuring,1
chord,1
Pick,1
humiliated,1
salon,1
summertime,1
Children,1
puffs,1
annoying,1
dump,1
chunks,1
newish,1
poles,1
reflectors,1
schooling,1
delinquent,1
harping,1
advertisements,1
whining,1
chances,1
seeking,1
hayloft,1
sounded,1
shaggy,1
refusing,1
idiotic,1
bled,1
babbled,1
facts,1
ted,1
clear-,1
implies,1
scrimped,1
rubber,1
brands,1
cobbler,1
silk,1
compliment,1
ber,1
discovered,1
discovery,1
Quality,1
win,1
Bard,1
achieved,1
institutions,1
dissatisfied,1
admittedly,1
regret-,1
halting,1
noticing,1
tacked,1
differently,1
some'll,1
smear,1
thumbtack,1
Once,1
slips,1
slim,1
guesses,1
appreciate,1
sales,1
designs,1
pic-,1
tures,1
motif,1
blazing,1
horizon,1
Whoever,1
raindrops,1
thorough,1
airy,1
wispy,1
ferryboats,1
rid-,1
behaved,1
tip,1
Selling,1
aha,1
scribbles,1
sarcastic,1
cautiously,1
speedboat,1
First,1
speedferry,1
recognizing,1
eerie,1
uncanny,1
charred,1
swallow,1
probaby,1
paint-,1
shuddering,1
danger,1
reviewing,1
dissimilar,1
sends,1
exhibited,1
yearly,1
doorstop,1
typical,1
tween,1
unpacked,1
marketing,1
nerves,1
doctors,1
eagerness,1
excited,1
perceptible,1
blabbing,1
May,1
checkup,1
risking,1
limb,1
erwise,1
oth-,1
ghost,1
Book,1
tice,1
lodgings,1
climbing,1
night-,1
lamp,1
mounted,1
notepaper,1
Rent,1
ashtrays,1
repaired,1
larger,1
drowsy,1
festivities,1
focused,1
tireder,1
Benedictum,1
repeat,1
knot,1
appren-,1
work-,1
permanent,1
embarrasses,1
abuse,1
armful,1
speeds,1
horn,1
dozes,1
bedside,1
haired,1
squirming,1
Leaving,1
electricity,1
adult,1
Before,1
factories,1
After,1
patching,1
repairs,1
answering,1
subscriber,1
Beyer'll,1
pathetic,1
onstage,1
defined,1
plops,1
preached,1
shiver,1
Earth,1
prerequisite,1
reunited,1
fled,1
transsubstantiated,1
lovers,1
unimportant,1
unease,1
basic,1
convering,1
partners,1
manager,1
people'll,1
doubts,1
piled,1
thereby,1
occurs,1
skirts,1
defect,1
bras,1
usable,1
lengths,1
flustered,1
hitting,1
crippled,1
lands,1
congenital,1
sealed,1
repaint,1
achieve,1
grieve,1
corpse,1
awoken,1
simultaneously,1
insult,1
meaninglessness,1
picture'll,1
cig-,1
Breathe,1
junky,1
yanks,1
fated,1
consolation,1
scuttling,1
seaweed,1
bubbles,1
seashells,1
branches,1
buoys,1
hundreds,1
driftwood,1
inflated,1
dress'll,1
Yellow,1
listened,1
crunching,1
journey,1
yourselves,1
crunches,1
ow,1
risen,1
Trinity,1
comprehension,1
splotches,1
Sort,1
steeply,1
massive,1
meadows,1
slope,1
springs,1
princesses,1
stomping,1
filthy,1
inscrutable,1
sniffling,1
stomp,1
blueberries,1
ripe,1
bored,1
drown,1
hooked,1
siblings,1
washcloth,1
wiping,1
hem,1
unties,1
poking,1
interrupts,1
grownup,1
bewildering,1
caramelized,1
col-,1
Burning,1
drifted,1
Sit,1
cor-,1
floats,1
bobbing,1
moors,1
disobedient,1
strip,1
pier,1
uncertainty,1
forbidden,1
ner,1
seawater,1
liv-,1
Promise,1
apron,1
Lap,1
Folk,1
fizzy,1
lemonade,1
smooths,1
weaving,1
Without,1
Watch,1
Mother'll,1
dolls,1
depending,1
tones,1
siding,1
cracks,1
scare,1
blues,1
Blue,1
overwhelms,1
afresh,1
insightful,1
gospels,1
misunderstood,1
re,1
establishing,1
Adam,1
abandoned,1
proclaiming,1
lacks,1
impotence,1
mysteriously,1
destruction,1
extend,1
embraces,1
undignified,1
dozing,1
curved,1
subscribe,1
disagree,1
discussed,1
Israel,1
benevolent,1
halfsleep,1
shouldered,1
bud,1
93t'94s,1
mid,1
wildly,1
walker,1
toddler,1
thigh,1
uniform,1
mound,1
merciful,1
lowered,1
schooldesk,1
worthless,1
sons,1
stresses,1
draughtsman,1
Catholicism,1
peoples,1
wink,1
da'df,1
smartest,1
peers,1
containing,1
streetlamps,1
childish,1
maintained,1
battery,1
brushing,1
Silja,1
biblical,1
crabby,1
messed,1
indifferent,1
rang,1
ha,1
toiled,1
hussy,1
reread,1
identically,1
bathrobe,1
girlfriends,1
misremembered,1
daf'fcr,1
breakfast'll,1
Ursache,1
ora,1
II,1
shoelaces,1
laces,1
gurgle,1
spit,1
forgetting,1
shudder,1
Olsen,1
discharged,1
attendant,1
sleepily,1
darn,1
narrower,1
Nilsen,1
Nikolausen,1
label,1
wards,1
waded,1
rotted,1
dialed,1
Helps,1
Wait,1
ask-,1
grind-,1
audibly,1
mumbles,1
birds,1
insects,1
ants,1
mice,1
rats,1
skies,1
corpses,1
decay,1
stenches,1
withered,1
foul,1
ugliness,1
conflict,1
Protection,1
protection,1
do-,1
handling,1
grumbling,1
idiom,1
emphasize,1
bless,1
cheapest,1
shrivels,1
raw,1
deciding,1
blan-,1
thinning,1
kets,1
sworn,1
monster,1
Beats,1
disaster,1
barber,1
violent,1
mirrors,1
consume,1
sustains,1
glaze,1
recent-,1
laundry,1
cones,1
marbles,1
shiny,1
owes,1
owe,1
suspected,1
coun-,1
vanilla,1
flagstones,1
combination,1
lied,1
grownups,1
touched,1
inhale,1
coughing,1
Ugh,1
crosswise,1
Outside,1
III,1
darkly,1
zips,1
crawls,1
notebook,1
discuss,1
Bottom,1
tickles,1
groan,1
cream,1
musn't,1
creams,1
Rimbaud,1
overtired,1
benedictum,1
IS,1
ANOTHER,1
91Je,1
un,1
autre,1
Arthur,1
Onions,1
Food'll,1
stirring,1
barks,1
failure,1
captured,1
fright,1
sluggish,1
unmistakable,1
Åsleik'll,1
loudly,1
flaps,1
pees,1
stubbornly,1
snowfalls,1
inviting,1
sliced,1
newest,1
pushy,1
pixies,1
nicest,1
tracking,1
trotting,1
stream,1
scamp,1
supposes,1
breathed,1
underwater,1
happier,1
Unbelievable,1
rest-,1
gripping,1
loosens,1
jumped,1
boatbuilding,1
licences,1
trees'd,1
fertilized,1
sprayed,1
sorted,1
Vika,1
nieces,1
nephews,1
imported,1
hassle,1
clutches,1
feed,1
shampoo,1
Realized,1
yes-,1
terday,1
During,1
ugliest,1
twined,1
bowls,1
soap,1
packages,1
travel,1
cutlets,1
organize,1
Shopkeeper,1
pretend,1
soup,1
carton,1
starving,1
flock,1
whichever,1
occurred,1
woodbox,1
accomplished,1
defend,1
tire,1
cloths,1
junk,1
assembles,1
limited,1
Obviously,1
offered,1
capable,1
swap,1
areas,1
photographed,1
numbered,1
paces,1
brushstroke,1
pitctures,1
traded,1
counting,1
shoots,1
